,DevOps,Monitoring,Fintech,Productivity,Note-taking,FinOps,Analytics,Open Source,Enterprise Software,E-commerce,Food & Beverage,Marketing,SEO,Education,Community,Recruiting,Advertising,Social Network,Computer Vision,Marketplace,Real Estate,Collaboration,Security,Enterprise,Email,Travel,Food Service Robots & Machines,Restaurant Tech,Gaming,Social,Messaging,Media,Design Tools,Health & Wellness,Design,AI-powered Drug Discovery,SaaS,Healthcare,Telemedicine,API,Food,Food Tech,B2B,Payments,Developer Tools,E-Commerce,Referrals,Customer Service,Cashierless Checkout,Entertainment,Retail Tech,Music,Hardware,SMB,Finance,Investing,Data Science,Data Engineering,Cloud Computing,Health Tech,Fitness,Retail,Fashion,Documents,Legal,LegalTech,Machine Learning,GraphQL,Video,Sales,AI,Big Data,Databases,Cloud Workload Protection,DevSecOps,Next-gen Network Security,Biotech,Grocery,IoT,Automotive,Proptech,Delivery,Transportation,Location-based,CRM,Telecommunications,Augmented Reality,Insurance,Reviews,Data Visualization,Construction,Payroll,Health Insurance,Defense,Hard Tech,Robotics,Manufacturing,Automation,HR Tech,Agriculture,Crowdfunding,Social Media,Consumer,Nonprofit,Fundraising,Privacy,Women's Health,Kids,No-code,Web Development,Lending,Dating,Coding Bootcamps,Crypto / Web3,Human Resources,Talent Acquisition,SMS,AI Assistant,Apparel,Customization,Diagnostics,Metaverse,eLearning,Edtech,Customer Success,Sustainable Tourism,Sustainability,Electric Vehicles,Personalization,Booking,Calendar,Mobility,Logistics,Supply Chain,3D Printing,Consumer Health Services,Drones,Artificial Intelligence,Biometrics,Time Series,Remote Work,Medical Devices,Team Collaboration,Neurotechnology,Workflow Automation,Subscriptions,Indoor Mapping,Mental Health Tech,Digital Health,Feedback,Remote,Immigration,Femtech,Autonomous Delivery,Climate,Self-Driving Vehicles,Generative AI,Energy Storage,Housing,Networks,Notifications,Beauty,Furniture,NLP,APIs,Sales Enablement,Smart Home Assistants,Ticketing,Deep Learning,Advanced Materials,Small Modular Reactors,Quantum Computing,Synthetic Biology,Compliance,Identity,Fusion Energy,Energy,Navigation,Market Research,International,Genomics,Cellular Agriculture,GovTech,Neobank,Telehealth,AIOps,Genetic Engineering,Biotechnology,Air Taxis,Nanomedicine,Banking as a Service,India,Therapeutics,Mental Health,Conversational AI,Cannabis,Carbon Capture and Removal,Bioplastic,Virtual Reality,Creator Economy,Conversational Banking,Renewable Energy,Drug discovery,Oncology,Solar Power,Kubernetes,Civic Tech,Procurement,Cybersecurity,Fraud Prevention,Fraud Detection,Sleep Tech,Space Exploration,Satellites,Scheduling,Stocks,Primary Care,Vertical Farming,Sustainable Agriculture,Cloud Gaming,China,Smart Locks,ClimateTech,eSports,Blockchain,Autonomous Trucking,Latin America,Chatbots,AI-Enhanced Learning,Diversity & Inclusion,Aerospace,Rocketry,Industrial Workplace Safety,Emerging Markets,Consumer Products,Sports Tech,Operations,Unmanned Vehicle,Home Automation,Trading,Auto Commerce,Live,Reinforcement Learning,Warehouse Management Tech,Nanotechnology,AR,Home Services,Smart Clothing,Sustainable Fashion,Assistive Tech,Cryptography,Customer Support,VR Health,Airlines,Cryptocurrency,Nanosensors,Healthcare IT,Gene Therapy,Microfluidics,Cell Therapy,Industrial,Microinsurance,Airplanes,Alternative Battery Tech,Crowdsourcing,Podcasts,Robotic Process Automation,Remittances,Infrastructure,Fertility Tech,Anti-Aging,Speech Recognition,Radar,Ghost Kitchens,Cyber Insurance,ML,Chat,COVID-19,Ridesharing,Careers,NFT,Robotic Surgery,Drug Delivery,Pediatrics,3D Printed Foods,Culture,Income Share Agreements,Dental,Lab-on-a-chip,Commercial Space Launch,Chatbot,Mining,Consumer Finance,Plant-based Meat,Cultivated Meat,Computational Storage,Regtech,Election Tech,DeFi,IoT Security,Weather,CRISPR,Data Labeling,Alternative Fuels,Medical Robotics,Investments,Geographic Information System,Batteryless IoT Sensors,Edge Computing Semiconductors,"Security Orchestration, Automation and Response (SOAR)",Digital Freight Brokerage,Electronics,Psychedelics,Semiconductors,Maritime,Cultured Meat,Gardening,Search,Billing,Art Trading Platforms,Deepfake Detection,Hydrogen Energy,Clean Meat,Recommendation System,Skincare,Trust & Safety,Architecture,Call Center,DAO,Lidar,Swarm Robotics,Livestock Health
Summer 2010,0.05555555555555555,0.027777777777777776,0.05555555555555555,0.08333333333333333,0.027777777777777776,0.027777777777777776,0.1111111111111111,0.027777777777777776,0.027777777777777776,0.027777777777777776,0.027777777777777776,0.027777777777777776,0.027777777777777776,0.027777777777777776,0.05555555555555555,0.027777777777777776,0.027777777777777776,0.027777777777777776,0.027777777777777776,0.08333333333333333,0.027777777777777776,0.027777777777777776,0.027777777777777776,0.027777777777777776,0.05555555555555555,0.027777777777777776,0.027777777777777776,0.027777777777777776,0.027777777777777776,0.05555555555555555,0.027777777777777776,0.027777777777777776,0.027777777777777776,0.027777777777777776,0.027777777777777776,0.027777777777777776,0.0,0.0,0.0,0.0,0.0,0.0,0.0,0.0,0.0,0.0,0.0,0.0,0.0,0.0,0.0,0.0,0.0,0.0,0.0,0.0,0.0,0.0,0.0,0.0,0.0,0.0,0.0,0.0,0.0,0.0,0.0,0.0,0.0,0.0,0.0,0.0,0.0,0.0,0.0,0.0,0.0,0.0,0.0,0.0,0.0,0.0,0.0,0.0,0.0,0.0,0.0,0.0,0.0,0.0,0.0,0.0,0.0,0.0,0.0,0.0,0.0,0.0,0.0,0.0,0.0,0.0,0.0,0.0,0.0,0.0,0.0,0.0,0.0,0.0,0.0,0.0,0.0,0.0,0.0,0.0,0.0,0.0,0.0,0.0,0.0,0.0,0.0,0.0,0.0,0.0,0.0,0.0,0.0,0.0,0.0,0.0,0.0,0.0,0.0,0.0,0.0,0.0,0.0,0.0,0.0,0.0,0.0,0.0,0.0,0.0,0.0,0.0,0.0,0.0,0.0,0.0,0.0,0.0,0.0,0.0,0.0,0.0,0.0,0.0,0.0,0.0,0.0,0.0,0.0,0.0,0.0,0.0,0.0,0.0,0.0,0.0,0.0,0.0,0.0,0.0,0.0,0.0,0.0,0.0,0.0,0.0,0.0,0.0,0.0,0.0,0.0,0.0,0.0,0.0,0.0,0.0,0.0,0.0,0.0,0.0,0.0,0.0,0.0,0.0,0.0,0.0,0.0,0.0,0.0,0.0,0.0,0.0,0.0,0.0,0.0,0.0,0.0,0.0,0.0,0.0,0.0,0.0,0.0,0.0,0.0,0.0,0.0,0.0,0.0,0.0,0.0,0.0,0.0,0.0,0.0,0.0,0.0,0.0,0.0,0.0,0.0,0.0,0.0,0.0,0.0,0.0,0.0,0.0,0.0,0.0,0.0,0.0,0.0,0.0,0.0,0.0,0.0,0.0,0.0,0.0,0.0,0.0,0.0,0.0,0.0,0.0,0.0,0.0,0.0,0.0,0.0,0.0,0.0,0.0,0.0,0.0,0.0,0.0,0.0,0.0,0.0,0.0,0.0,0.0,0.0,0.0,0.0,0.0,0.0,0.0,0.0,0.0,0.0,0.0,0.0,0.0,0.0,0.0,0.0,0.0,0.0,0.0,0.0,0.0,0.0,0.0,0.0,0.0,0.0,0.0,0.0,0.0,0.0,0.0,0.0,0.0,0.0,0.0,0.0,0.0,0.0,0.0,0.0,0.0,0.0,0.0,0.0,0.0,0.0,0.0,0.0,0.0,0.0,0.0,0.0,0.0
Winter 2011,0.0,0.0,0.044444444444444446,0.044444444444444446,0.0,0.0,0.044444444444444446,0.0,0.022222222222222223,0.022222222222222223,0.022222222222222223,0.022222222222222223,0.0,0.044444444444444446,0.022222222222222223,0.022222222222222223,0.022222222222222223,0.0,0.022222222222222223,0.17777777777777778,0.022222222222222223,0.022222222222222223,0.0,0.022222222222222223,0.022222222222222223,0.0,0.0,0.0,0.044444444444444446,0.0,0.06666666666666667,0.0,0.022222222222222223,0.0,0.0,0.0,0.15555555555555556,0.022222222222222223,0.022222222222222223,0.06666666666666667,0.022222222222222223,0.022222222222222223,0.022222222222222223,0.06666666666666667,0.022222222222222223,0.08888888888888889,0.022222222222222223,0.022222222222222223,0.022222222222222223,0.022222222222222223,0.022222222222222223,0.022222222222222223,0.022222222222222223,0.022222222222222223,0.022222222222222223,0.022222222222222223,0.022222222222222223,0.022222222222222223,0.022222222222222223,0.022222222222222223,0.022222222222222223,0.044444444444444446,0.022222222222222223,0.0,0.0,0.0,0.0,0.0,0.0,0.0,0.0,0.0,0.0,0.0,0.0,0.0,0.0,0.0,0.0,0.0,0.0,0.0,0.0,0.0,0.0,0.0,0.0,0.0,0.0,0.0,0.0,0.0,0.0,0.0,0.0,0.0,0.0,0.0,0.0,0.0,0.0,0.0,0.0,0.0,0.0,0.0,0.0,0.0,0.0,0.0,0.0,0.0,0.0,0.0,0.0,0.0,0.0,0.0,0.0,0.0,0.0,0.0,0.0,0.0,0.0,0.0,0.0,0.0,0.0,0.0,0.0,0.0,0.0,0.0,0.0,0.0,0.0,0.0,0.0,0.0,0.0,0.0,0.0,0.0,0.0,0.0,0.0,0.0,0.0,0.0,0.0,0.0,0.0,0.0,0.0,0.0,0.0,0.0,0.0,0.0,0.0,0.0,0.0,0.0,0.0,0.0,0.0,0.0,0.0,0.0,0.0,0.0,0.0,0.0,0.0,0.0,0.0,0.0,0.0,0.0,0.0,0.0,0.0,0.0,0.0,0.0,0.0,0.0,0.0,0.0,0.0,0.0,0.0,0.0,0.0,0.0,0.0,0.0,0.0,0.0,0.0,0.0,0.0,0.0,0.0,0.0,0.0,0.0,0.0,0.0,0.0,0.0,0.0,0.0,0.0,0.0,0.0,0.0,0.0,0.0,0.0,0.0,0.0,0.0,0.0,0.0,0.0,0.0,0.0,0.0,0.0,0.0,0.0,0.0,0.0,0.0,0.0,0.0,0.0,0.0,0.0,0.0,0.0,0.0,0.0,0.0,0.0,0.0,0.0,0.0,0.0,0.0,0.0,0.0,0.0,0.0,0.0,0.0,0.0,0.0,0.0,0.0,0.0,0.0,0.0,0.0,0.0,0.0,0.0,0.0,0.0,0.0,0.0,0.0,0.0,0.0,0.0,0.0,0.0,0.0,0.0,0.0,0.0,0.0,0.0,0.0,0.0,0.0,0.0,0.0,0.0,0.0,0.0,0.0,0.0,0.0,0.0,0.0,0.0,0.0,0.0,0.0,0.0,0.0,0.0,0.0,0.0,0.0,0.0,0.0,0.0,0.0,0.0,0.0,0.0,0.0,0.0,0.0,0.0,0.0,0.0,0.0,0.0,0.0,0.0,0.0,0.0,0.0,0.0,0.0,0.0,0.0
Summer 2011,0.016666666666666666,0.0,0.05,0.03333333333333333,0.0,0.0,0.05,0.03333333333333333,0.0,0.016666666666666666,0.0,0.03333333333333333,0.0,0.06666666666666667,0.0,0.016666666666666666,0.05,0.016666666666666666,0.0,0.06666666666666667,0.03333333333333333,0.03333333333333333,0.0,0.016666666666666666,0.016666666666666666,0.0,0.0,0.0,0.016666666666666666,0.016666666666666666,0.016666666666666666,0.0,0.0,0.0,0.0,0.0,0.18333333333333332,0.016666666666666666,0.0,0.0,0.0,0.016666666666666666,0.1,0.016666666666666666,0.1,0.016666666666666666,0.0,0.0,0.0,0.0,0.0,0.016666666666666666,0.0,0.0,0.0,0.0,0.0,0.0,0.0,0.016666666666666666,0.0,0.0,0.0,0.03333333333333333,0.016666666666666666,0.016666666666666666,0.03333333333333333,0.016666666666666666,0.06666666666666667,0.03333333333333333,0.016666666666666666,0.016666666666666666,0.03333333333333333,0.016666666666666666,0.016666666666666666,0.016666666666666666,0.016666666666666666,0.016666666666666666,0.016666666666666666,0.016666666666666666,0.016666666666666666,0.016666666666666666,0.016666666666666666,0.016666666666666666,0.016666666666666666,0.016666666666666666,0.016666666666666666,0.016666666666666666,0.016666666666666666,0.0,0.0,0.0,0.0,0.0,0.0,0.0,0.0,0.0,0.0,0.0,0.0,0.0,0.0,0.0,0.0,0.0,0.0,0.0,0.0,0.0,0.0,0.0,0.0,0.0,0.0,0.0,0.0,0.0,0.0,0.0,0.0,0.0,0.0,0.0,0.0,0.0,0.0,0.0,0.0,0.0,0.0,0.0,0.0,0.0,0.0,0.0,0.0,0.0,0.0,0.0,0.0,0.0,0.0,0.0,0.0,0.0,0.0,0.0,0.0,0.0,0.0,0.0,0.0,0.0,0.0,0.0,0.0,0.0,0.0,0.0,0.0,0.0,0.0,0.0,0.0,0.0,0.0,0.0,0.0,0.0,0.0,0.0,0.0,0.0,0.0,0.0,0.0,0.0,0.0,0.0,0.0,0.0,0.0,0.0,0.0,0.0,0.0,0.0,0.0,0.0,0.0,0.0,0.0,0.0,0.0,0.0,0.0,0.0,0.0,0.0,0.0,0.0,0.0,0.0,0.0,0.0,0.0,0.0,0.0,0.0,0.0,0.0,0.0,0.0,0.0,0.0,0.0,0.0,0.0,0.0,0.0,0.0,0.0,0.0,0.0,0.0,0.0,0.0,0.0,0.0,0.0,0.0,0.0,0.0,0.0,0.0,0.0,0.0,0.0,0.0,0.0,0.0,0.0,0.0,0.0,0.0,0.0,0.0,0.0,0.0,0.0,0.0,0.0,0.0,0.0,0.0,0.0,0.0,0.0,0.0,0.0,0.0,0.0,0.0,0.0,0.0,0.0,0.0,0.0,0.0,0.0,0.0,0.0,0.0,0.0,0.0,0.0,0.0,0.0,0.0,0.0,0.0,0.0,0.0,0.0,0.0,0.0,0.0,0.0,0.0,0.0,0.0,0.0,0.0,0.0,0.0,0.0,0.0,0.0,0.0,0.0,0.0,0.0,0.0,0.0,0.0,0.0,0.0,0.0,0.0,0.0,0.0,0.0,0.0,0.0,0.0,0.0,0.0,0.0,0.0,0.0,0.0,0.0,0.0,0.0,0.0,0.0,0.0,0.0,0.0,0.0,0.0
Winter 2012,0.015151515151515152,0.0,0.07575757575757576,0.045454545454545456,0.0,0.0,0.06060606060606061,0.0,0.0,0.0,0.0,0.045454545454545456,0.0,0.030303030303030304,0.0,0.015151515151515152,0.0,0.015151515151515152,0.030303030303030304,0.07575757575757576,0.015151515151515152,0.045454545454545456,0.045454545454545456,0.045454545454545456,0.015151515151515152,0.030303030303030304,0.0,0.0,0.045454545454545456,0.07575757575757576,0.07575757575757576,0.030303030303030304,0.0,0.0,0.015151515151515152,0.0,0.09090909090909091,0.030303030303030304,0.0,0.015151515151515152,0.0,0.0,0.07575757575757576,0.030303030303030304,0.045454545454545456,0.030303030303030304,0.0,0.015151515151515152,0.0,0.0,0.0,0.0,0.030303030303030304,0.015151515151515152,0.0,0.0,0.0,0.0,0.015151515151515152,0.0,0.0,0.030303030303030304,0.030303030303030304,0.0,0.0,0.0,0.015151515151515152,0.0,0.030303030303030304,0.015151515151515152,0.015151515151515152,0.015151515151515152,0.0,0.0,0.0,0.0,0.0,0.0,0.030303030303030304,0.030303030303030304,0.015151515151515152,0.0,0.0,0.0,0.0,0.015151515151515152,0.0,0.0,0.0,0.015151515151515152,0.015151515151515152,0.015151515151515152,0.015151515151515152,0.015151515151515152,0.015151515151515152,0.015151515151515152,0.015151515151515152,0.030303030303030304,0.030303030303030304,0.015151515151515152,0.015151515151515152,0.015151515151515152,0.015151515151515152,0.015151515151515152,0.015151515151515152,0.015151515151515152,0.015151515151515152,0.015151515151515152,0.015151515151515152,0.015151515151515152,0.015151515151515152,0.030303030303030304,0.015151515151515152,0.0,0.0,0.0,0.0,0.0,0.0,0.0,0.0,0.0,0.0,0.0,0.0,0.0,0.0,0.0,0.0,0.0,0.0,0.0,0.0,0.0,0.0,0.0,0.0,0.0,0.0,0.0,0.0,0.0,0.0,0.0,0.0,0.0,0.0,0.0,0.0,0.0,0.0,0.0,0.0,0.0,0.0,0.0,0.0,0.0,0.0,0.0,0.0,0.0,0.0,0.0,0.0,0.0,0.0,0.0,0.0,0.0,0.0,0.0,0.0,0.0,0.0,0.0,0.0,0.0,0.0,0.0,0.0,0.0,0.0,0.0,0.0,0.0,0.0,0.0,0.0,0.0,0.0,0.0,0.0,0.0,0.0,0.0,0.0,0.0,0.0,0.0,0.0,0.0,0.0,0.0,0.0,0.0,0.0,0.0,0.0,0.0,0.0,0.0,0.0,0.0,0.0,0.0,0.0,0.0,0.0,0.0,0.0,0.0,0.0,0.0,0.0,0.0,0.0,0.0,0.0,0.0,0.0,0.0,0.0,0.0,0.0,0.0,0.0,0.0,0.0,0.0,0.0,0.0,0.0,0.0,0.0,0.0,0.0,0.0,0.0,0.0,0.0,0.0,0.0,0.0,0.0,0.0,0.0,0.0,0.0,0.0,0.0,0.0,0.0,0.0,0.0,0.0,0.0,0.0,0.0,0.0,0.0,0.0,0.0,0.0,0.0,0.0,0.0,0.0,0.0,0.0,0.0,0.0,0.0,0.0,0.0,0.0,0.0,0.0,0.0,0.0,0.0,0.0,0.0,0.0,0.0,0.0,0.0,0.0,0.0,0.0,0.0,0.0,0.0,0.0,0.0,0.0,0.0,0.0,0.0,0.0,0.0,0.0,0.0,0.0,0.0,0.0,0.0,0.0,0.0,0.0,0.0,0.0,0.0,0.0,0.0,0.0,0.0,0.0,0.0,0.0,0.0,0.0
Summer 2012,0.012048192771084338,0.0,0.024096385542168676,0.0,0.0,0.0,0.060240963855421686,0.012048192771084338,0.0,0.04819277108433735,0.0,0.024096385542168676,0.0,0.060240963855421686,0.012048192771084338,0.0,0.060240963855421686,0.024096385542168676,0.0,0.03614457831325301,0.0,0.012048192771084338,0.012048192771084338,0.0,0.012048192771084338,0.03614457831325301,0.0,0.0,0.012048192771084338,0.04819277108433735,0.012048192771084338,0.024096385542168676,0.024096385542168676,0.0,0.024096385542168676,0.0,0.13253012048192772,0.012048192771084338,0.0,0.012048192771084338,0.0,0.012048192771084338,0.07228915662650602,0.0,0.060240963855421686,0.03614457831325301,0.0,0.0,0.0,0.024096385542168676,0.0,0.012048192771084338,0.012048192771084338,0.0,0.012048192771084338,0.024096385542168676,0.0,0.0,0.024096385542168676,0.024096385542168676,0.0,0.012048192771084338,0.012048192771084338,0.0,0.0,0.0,0.0,0.0,0.07228915662650602,0.0,0.012048192771084338,0.012048192771084338,0.0,0.0,0.012048192771084338,0.0,0.012048192771084338,0.012048192771084338,0.0,0.0,0.0,0.012048192771084338,0.0,0.0,0.012048192771084338,0.012048192771084338,0.0,0.0,0.0,0.0,0.0,0.0,0.024096385542168676,0.0,0.012048192771084338,0.024096385542168676,0.012048192771084338,0.012048192771084338,0.012048192771084338,0.0,0.024096385542168676,0.012048192771084338,0.024096385542168676,0.0,0.0,0.012048192771084338,0.0,0.012048192771084338,0.0,0.0,0.0,0.0,0.012048192771084338,0.012048192771084338,0.012048192771084338,0.012048192771084338,0.012048192771084338,0.012048192771084338,0.012048192771084338,0.012048192771084338,0.012048192771084338,0.012048192771084338,0.012048192771084338,0.012048192771084338,0.012048192771084338,0.012048192771084338,0.012048192771084338,0.012048192771084338,0.012048192771084338,0.012048192771084338,0.012048192771084338,0.012048192771084338,0.012048192771084338,0.012048192771084338,0.012048192771084338,0.012048192771084338,0.012048192771084338,0.012048192771084338,0.0,0.0,0.0,0.0,0.0,0.0,0.0,0.0,0.0,0.0,0.0,0.0,0.0,0.0,0.0,0.0,0.0,0.0,0.0,0.0,0.0,0.0,0.0,0.0,0.0,0.0,0.0,0.0,0.0,0.0,0.0,0.0,0.0,0.0,0.0,0.0,0.0,0.0,0.0,0.0,0.0,0.0,0.0,0.0,0.0,0.0,0.0,0.0,0.0,0.0,0.0,0.0,0.0,0.0,0.0,0.0,0.0,0.0,0.0,0.0,0.0,0.0,0.0,0.0,0.0,0.0,0.0,0.0,0.0,0.0,0.0,0.0,0.0,0.0,0.0,0.0,0.0,0.0,0.0,0.0,0.0,0.0,0.0,0.0,0.0,0.0,0.0,0.0,0.0,0.0,0.0,0.0,0.0,0.0,0.0,0.0,0.0,0.0,0.0,0.0,0.0,0.0,0.0,0.0,0.0,0.0,0.0,0.0,0.0,0.0,0.0,0.0,0.0,0.0,0.0,0.0,0.0,0.0,0.0,0.0,0.0,0.0,0.0,0.0,0.0,0.0,0.0,0.0,0.0,0.0,0.0,0.0,0.0,0.0,0.0,0.0,0.0,0.0,0.0,0.0,0.0,0.0,0.0,0.0,0.0,0.0,0.0,0.0,0.0,0.0,0.0,0.0,0.0,0.0,0.0,0.0,0.0,0.0,0.0,0.0,0.0,0.0,0.0,0.0,0.0,0.0,0.0,0.0,0.0,0.0,0.0,0.0,0.0,0.0,0.0,0.0,0.0,0.0,0.0,0.0,0.0,0.0,0.0,0.0,0.0,0.0,0.0,0.0,0.0,0.0,0.0,0.0,0.0,0.0
Winter 2013,0.0,0.0,0.043478260869565216,0.0,0.0,0.0,0.13043478260869565,0.021739130434782608,0.0,0.08695652173913043,0.0,0.0,0.0,0.043478260869565216,0.0,0.021739130434782608,0.0,0.0,0.0,0.13043478260869565,0.021739130434782608,0.021739130434782608,0.021739130434782608,0.043478260869565216,0.0,0.021739130434782608,0.0,0.0,0.0,0.0,0.0,0.0,0.0,0.0,0.0,0.0,0.10869565217391304,0.043478260869565216,0.0,0.0,0.0,0.0,0.021739130434782608,0.043478260869565216,0.021739130434782608,0.06521739130434782,0.0,0.0,0.0,0.0,0.021739130434782608,0.021739130434782608,0.08695652173913043,0.0,0.0,0.021739130434782608,0.0,0.06521739130434782,0.0,0.021739130434782608,0.0,0.021739130434782608,0.043478260869565216,0.0,0.0,0.043478260869565216,0.0,0.0,0.0,0.0,0.021739130434782608,0.021739130434782608,0.021739130434782608,0.0,0.0,0.0,0.0,0.0,0.021739130434782608,0.0,0.0,0.021739130434782608,0.021739130434782608,0.0,0.0,0.0,0.0,0.0,0.0,0.021739130434782608,0.021739130434782608,0.0,0.021739130434782608,0.0,0.0,0.0,0.021739130434782608,0.0,0.021739130434782608,0.0,0.043478260869565216,0.021739130434782608,0.0,0.0,0.0,0.0,0.0,0.0,0.021739130434782608,0.0,0.0,0.0,0.0,0.0,0.0,0.0,0.0,0.0,0.0,0.0,0.0,0.0,0.0,0.021739130434782608,0.0,0.0,0.0,0.0,0.0,0.0,0.0,0.021739130434782608,0.06521739130434782,0.021739130434782608,0.0,0.021739130434782608,0.021739130434782608,0.021739130434782608,0.021739130434782608,0.021739130434782608,0.021739130434782608,0.021739130434782608,0.021739130434782608,0.021739130434782608,0.021739130434782608,0.0,0.0,0.0,0.0,0.0,0.0,0.0,0.0,0.0,0.0,0.0,0.0,0.0,0.0,0.0,0.0,0.0,0.0,0.0,0.0,0.0,0.0,0.0,0.0,0.0,0.0,0.0,0.0,0.0,0.0,0.0,0.0,0.0,0.0,0.0,0.0,0.0,0.0,0.0,0.0,0.0,0.0,0.0,0.0,0.0,0.0,0.0,0.0,0.0,0.0,0.0,0.0,0.0,0.0,0.0,0.0,0.0,0.0,0.0,0.0,0.0,0.0,0.0,0.0,0.0,0.0,0.0,0.0,0.0,0.0,0.0,0.0,0.0,0.0,0.0,0.0,0.0,0.0,0.0,0.0,0.0,0.0,0.0,0.0,0.0,0.0,0.0,0.0,0.0,0.0,0.0,0.0,0.0,0.0,0.0,0.0,0.0,0.0,0.0,0.0,0.0,0.0,0.0,0.0,0.0,0.0,0.0,0.0,0.0,0.0,0.0,0.0,0.0,0.0,0.0,0.0,0.0,0.0,0.0,0.0,0.0,0.0,0.0,0.0,0.0,0.0,0.0,0.0,0.0,0.0,0.0,0.0,0.0,0.0,0.0,0.0,0.0,0.0,0.0,0.0,0.0,0.0,0.0,0.0,0.0,0.0,0.0,0.0,0.0,0.0,0.0,0.0,0.0,0.0,0.0,0.0,0.0,0.0,0.0,0.0,0.0,0.0,0.0,0.0,0.0,0.0,0.0,0.0,0.0,0.0,0.0,0.0,0.0,0.0,0.0,0.0,0.0,0.0,0.0,0.0,0.0,0.0,0.0,0.0,0.0,0.0,0.0
Summer 2013,0.038461538461538464,0.019230769230769232,0.057692307692307696,0.057692307692307696,0.0,0.0,0.038461538461538464,0.019230769230769232,0.0,0.038461538461538464,0.019230769230769232,0.038461538461538464,0.0,0.07692307692307693,0.0,0.019230769230769232,0.019230769230769232,0.0,0.0,0.11538461538461539,0.019230769230769232,0.019230769230769232,0.0,0.0,0.0,0.019230769230769232,0.0,0.019230769230769232,0.0,0.019230769230769232,0.019230769230769232,0.0,0.0,0.019230769230769232,0.019230769230769232,0.0,0.07692307692307693,0.0,0.0,0.019230769230769232,0.0,0.0,0.07692307692307693,0.038461538461538464,0.057692307692307696,0.019230769230769232,0.0,0.0,0.0,0.0,0.0,0.019230769230769232,0.019230769230769232,0.019230769230769232,0.0,0.0,0.0,0.0,0.019230769230769232,0.019230769230769232,0.019230769230769232,0.0,0.019230769230769232,0.0,0.038461538461538464,0.0,0.0,0.0,0.038461538461538464,0.0,0.0,0.0,0.0,0.0,0.0,0.0,0.0,0.0,0.019230769230769232,0.0,0.0,0.038461538461538464,0.0,0.0,0.0,0.0,0.019230769230769232,0.0,0.0,0.0,0.0,0.0,0.0,0.0,0.0,0.019230769230769232,0.0,0.019230769230769232,0.0,0.0,0.0,0.0,0.0,0.0,0.0,0.0,0.0,0.0,0.0,0.0,0.0,0.0,0.0,0.0,0.0,0.0,0.0,0.0,0.0,0.0,0.0,0.0,0.019230769230769232,0.0,0.0,0.0,0.0,0.0,0.0,0.0,0.0,0.0,0.019230769230769232,0.019230769230769232,0.019230769230769232,0.0,0.0,0.019230769230769232,0.0,0.0,0.0,0.0,0.0,0.0,0.0,0.019230769230769232,0.019230769230769232,0.019230769230769232,0.019230769230769232,0.019230769230769232,0.019230769230769232,0.019230769230769232,0.0,0.0,0.0,0.0,0.0,0.0,0.0,0.0,0.0,0.0,0.0,0.0,0.0,0.0,0.0,0.0,0.0,0.0,0.0,0.0,0.0,0.0,0.0,0.0,0.0,0.0,0.0,0.0,0.0,0.0,0.0,0.0,0.0,0.0,0.0,0.0,0.0,0.0,0.0,0.0,0.0,0.0,0.0,0.0,0.0,0.0,0.0,0.0,0.0,0.0,0.0,0.0,0.0,0.0,0.0,0.0,0.0,0.0,0.0,0.0,0.0,0.0,0.0,0.0,0.0,0.0,0.0,0.0,0.0,0.0,0.0,0.0,0.0,0.0,0.0,0.0,0.0,0.0,0.0,0.0,0.0,0.0,0.0,0.0,0.0,0.0,0.0,0.0,0.0,0.0,0.0,0.0,0.0,0.0,0.0,0.0,0.0,0.0,0.0,0.0,0.0,0.0,0.0,0.0,0.0,0.0,0.0,0.0,0.0,0.0,0.0,0.0,0.0,0.0,0.0,0.0,0.0,0.0,0.0,0.0,0.0,0.0,0.0,0.0,0.0,0.0,0.0,0.0,0.0,0.0,0.0,0.0,0.0,0.0,0.0,0.0,0.0,0.0,0.0,0.0,0.0,0.0,0.0,0.0,0.0,0.0,0.0,0.0,0.0,0.0,0.0,0.0,0.0,0.0,0.0,0.0,0.0,0.0,0.0,0.0,0.0,0.0,0.0,0.0,0.0,0.0,0.0,0.0,0.0,0.0,0.0,0.0,0.0,0.0,0.0,0.0,0.0,0.0,0.0,0.0
Winter 2014,0.0,0.0,0.0945945945945946,0.02702702702702703,0.0,0.013513513513513514,0.04054054054054054,0.013513513513513514,0.013513513513513514,0.02702702702702703,0.013513513513513514,0.0,0.0,0.06756756756756757,0.013513513513513514,0.0,0.02702702702702703,0.0,0.0,0.0945945945945946,0.013513513513513514,0.0,0.013513513513513514,0.013513513513513514,0.013513513513513514,0.02702702702702703,0.0,0.0,0.02702702702702703,0.0,0.02702702702702703,0.013513513513513514,0.0,0.02702702702702703,0.0,0.0,0.16216216216216217,0.0,0.0,0.013513513513513514,0.0,0.0,0.10810810810810811,0.013513513513513514,0.02702702702702703,0.02702702702702703,0.0,0.0,0.0,0.0,0.0,0.0,0.013513513513513514,0.0,0.0,0.013513513513513514,0.0,0.0,0.0,0.02702702702702703,0.013513513513513514,0.04054054054054054,0.013513513513513514,0.0,0.0,0.0,0.04054054054054054,0.0,0.02702702702702703,0.0,0.02702702702702703,0.0,0.0,0.0,0.0,0.0,0.013513513513513514,0.0,0.04054054054054054,0.0,0.013513513513513514,0.013513513513513514,0.0,0.0,0.0,0.0,0.013513513513513514,0.0,0.0,0.0,0.0,0.0,0.0,0.0,0.013513513513513514,0.0,0.0,0.0,0.0,0.02702702702702703,0.013513513513513514,0.0,0.013513513513513514,0.013513513513513514,0.0,0.013513513513513514,0.0,0.013513513513513514,0.0,0.0,0.0,0.013513513513513514,0.0,0.0,0.0,0.0,0.0,0.0,0.0,0.0,0.0,0.0,0.013513513513513514,0.0,0.0,0.0,0.0,0.0,0.013513513513513514,0.0,0.0,0.0,0.04054054054054054,0.013513513513513514,0.013513513513513514,0.013513513513513514,0.013513513513513514,0.013513513513513514,0.0,0.013513513513513514,0.013513513513513514,0.0,0.013513513513513514,0.0,0.0,0.013513513513513514,0.0,0.0,0.013513513513513514,0.0,0.013513513513513514,0.0,0.013513513513513514,0.013513513513513514,0.02702702702702703,0.013513513513513514,0.013513513513513514,0.013513513513513514,0.013513513513513514,0.013513513513513514,0.013513513513513514,0.013513513513513514,0.02702702702702703,0.013513513513513514,0.02702702702702703,0.013513513513513514,0.013513513513513514,0.013513513513513514,0.013513513513513514,0.013513513513513514,0.0,0.0,0.0,0.0,0.0,0.0,0.0,0.0,0.0,0.0,0.0,0.0,0.0,0.0,0.0,0.0,0.0,0.0,0.0,0.0,0.0,0.0,0.0,0.0,0.0,0.0,0.0,0.0,0.0,0.0,0.0,0.0,0.0,0.0,0.0,0.0,0.0,0.0,0.0,0.0,0.0,0.0,0.0,0.0,0.0,0.0,0.0,0.0,0.0,0.0,0.0,0.0,0.0,0.0,0.0,0.0,0.0,0.0,0.0,0.0,0.0,0.0,0.0,0.0,0.0,0.0,0.0,0.0,0.0,0.0,0.0,0.0,0.0,0.0,0.0,0.0,0.0,0.0,0.0,0.0,0.0,0.0,0.0,0.0,0.0,0.0,0.0,0.0,0.0,0.0,0.0,0.0,0.0,0.0,0.0,0.0,0.0,0.0,0.0,0.0,0.0,0.0,0.0,0.0,0.0,0.0,0.0,0.0,0.0,0.0,0.0,0.0,0.0,0.0,0.0,0.0,0.0,0.0,0.0,0.0,0.0,0.0,0.0,0.0,0.0,0.0,0.0,0.0,0.0,0.0,0.0,0.0,0.0,0.0,0.0,0.0,0.0,0.0,0.0,0.0,0.0,0.0,0.0,0.0,0.0,0.0,0.0,0.0,0.0,0.0,0.0,0.0,0.0,0.0,0.0,0.0,0.0,0.0,0.0,0.0,0.0,0.0
Summer 2014,0.02564102564102564,0.01282051282051282,0.10256410256410256,0.0,0.0,0.0,0.0641025641025641,0.01282051282051282,0.01282051282051282,0.05128205128205128,0.038461538461538464,0.038461538461538464,0.0,0.02564102564102564,0.02564102564102564,0.0,0.01282051282051282,0.0,0.01282051282051282,0.08974358974358974,0.0,0.0,0.01282051282051282,0.0,0.01282051282051282,0.01282051282051282,0.0,0.0,0.038461538461538464,0.0,0.01282051282051282,0.01282051282051282,0.0,0.02564102564102564,0.0,0.0,0.08974358974358974,0.01282051282051282,0.0,0.01282051282051282,0.0,0.0,0.0641025641025641,0.038461538461538464,0.02564102564102564,0.0,0.0,0.0,0.0,0.0,0.0,0.0,0.02564102564102564,0.0,0.0,0.01282051282051282,0.0,0.0,0.01282051282051282,0.05128205128205128,0.0,0.0,0.0,0.0,0.0,0.01282051282051282,0.05128205128205128,0.0,0.0,0.02564102564102564,0.0,0.0,0.0,0.0,0.01282051282051282,0.0,0.01282051282051282,0.0,0.038461538461538464,0.01282051282051282,0.0,0.01282051282051282,0.0,0.0,0.02564102564102564,0.01282051282051282,0.01282051282051282,0.0,0.0,0.0,0.0,0.0,0.0,0.01282051282051282,0.01282051282051282,0.0,0.0,0.02564102564102564,0.01282051282051282,0.01282051282051282,0.02564102564102564,0.01282051282051282,0.038461538461538464,0.01282051282051282,0.0,0.01282051282051282,0.01282051282051282,0.0,0.0,0.01282051282051282,0.0,0.0,0.0,0.05128205128205128,0.01282051282051282,0.0,0.01282051282051282,0.0,0.01282051282051282,0.0,0.02564102564102564,0.0,0.0,0.0,0.0,0.0,0.0,0.0,0.0,0.0,0.0,0.0,0.02564102564102564,0.0,0.0,0.0,0.0,0.038461538461538464,0.01282051282051282,0.0,0.0,0.0,0.0,0.01282051282051282,0.0,0.01282051282051282,0.0,0.01282051282051282,0.02564102564102564,0.0,0.0,0.0,0.0,0.0,0.02564102564102564,0.0,0.0,0.0,0.0,0.0,0.0,0.0,0.0,0.01282051282051282,0.0,0.0,0.0,0.0,0.0,0.01282051282051282,0.01282051282051282,0.01282051282051282,0.01282051282051282,0.01282051282051282,0.01282051282051282,0.01282051282051282,0.01282051282051282,0.01282051282051282,0.01282051282051282,0.01282051282051282,0.01282051282051282,0.01282051282051282,0.01282051282051282,0.01282051282051282,0.01282051282051282,0.01282051282051282,0.01282051282051282,0.01282051282051282,0.01282051282051282,0.01282051282051282,0.0,0.0,0.0,0.0,0.0,0.0,0.0,0.0,0.0,0.0,0.0,0.0,0.0,0.0,0.0,0.0,0.0,0.0,0.0,0.0,0.0,0.0,0.0,0.0,0.0,0.0,0.0,0.0,0.0,0.0,0.0,0.0,0.0,0.0,0.0,0.0,0.0,0.0,0.0,0.0,0.0,0.0,0.0,0.0,0.0,0.0,0.0,0.0,0.0,0.0,0.0,0.0,0.0,0.0,0.0,0.0,0.0,0.0,0.0,0.0,0.0,0.0,0.0,0.0,0.0,0.0,0.0,0.0,0.0,0.0,0.0,0.0,0.0,0.0,0.0,0.0,0.0,0.0,0.0,0.0,0.0,0.0,0.0,0.0,0.0,0.0,0.0,0.0,0.0,0.0,0.0,0.0,0.0,0.0,0.0,0.0,0.0,0.0,0.0,0.0,0.0,0.0,0.0,0.0,0.0,0.0,0.0,0.0,0.0,0.0,0.0,0.0,0.0,0.0,0.0,0.0,0.0,0.0,0.0,0.0,0.0,0.0,0.0,0.0,0.0,0.0,0.0,0.0,0.0,0.0,0.0,0.0,0.0,0.0,0.0,0.0,0.0,0.0,0.0,0.0,0.0,0.0
Winter 2015,0.01818181818181818,0.0,0.07272727272727272,0.00909090909090909,0.0,0.0,0.03636363636363636,0.02727272727272727,0.00909090909090909,0.03636363636363636,0.00909090909090909,0.00909090909090909,0.0,0.00909090909090909,0.0,0.0,0.02727272727272727,0.0,0.02727272727272727,0.06363636363636363,0.02727272727272727,0.01818181818181818,0.02727272727272727,0.01818181818181818,0.0,0.02727272727272727,0.00909090909090909,0.01818181818181818,0.0,0.02727272727272727,0.01818181818181818,0.00909090909090909,0.01818181818181818,0.0,0.0,0.00909090909090909,0.11818181818181818,0.03636363636363636,0.0,0.00909090909090909,0.0,0.02727272727272727,0.05454545454545454,0.03636363636363636,0.05454545454545454,0.02727272727272727,0.00909090909090909,0.0,0.00909090909090909,0.0,0.00909090909090909,0.0,0.01818181818181818,0.0,0.0,0.02727272727272727,0.00909090909090909,0.01818181818181818,0.00909090909090909,0.02727272727272727,0.0,0.02727272727272727,0.0,0.0,0.0,0.0,0.06363636363636363,0.0,0.00909090909090909,0.0,0.05454545454545454,0.0,0.0,0.0,0.01818181818181818,0.0,0.045454545454545456,0.0,0.01818181818181818,0.0,0.01818181818181818,0.00909090909090909,0.02727272727272727,0.0,0.0,0.0,0.00909090909090909,0.0,0.0,0.0,0.01818181818181818,0.0,0.0,0.0,0.0,0.00909090909090909,0.00909090909090909,0.0,0.01818181818181818,0.00909090909090909,0.00909090909090909,0.00909090909090909,0.0,0.02727272727272727,0.0,0.0,0.0,0.0,0.0,0.00909090909090909,0.0,0.0,0.0,0.00909090909090909,0.0,0.0,0.0,0.00909090909090909,0.0,0.0,0.00909090909090909,0.0,0.00909090909090909,0.0,0.0,0.0,0.01818181818181818,0.0,0.0,0.00909090909090909,0.0,0.00909090909090909,0.00909090909090909,0.01818181818181818,0.0,0.02727272727272727,0.00909090909090909,0.07272727272727272,0.0,0.0,0.0,0.03636363636363636,0.00909090909090909,0.0,0.0,0.00909090909090909,0.0,0.0,0.01818181818181818,0.0,0.0,0.0,0.0,0.0,0.02727272727272727,0.0,0.00909090909090909,0.0,0.0,0.0,0.00909090909090909,0.0,0.0,0.0,0.0,0.0,0.0,0.0,0.02727272727272727,0.0,0.0,0.0,0.0,0.0,0.0,0.0,0.00909090909090909,0.0,0.0,0.0,0.0,0.0,0.02727272727272727,0.0,0.00909090909090909,0.0,0.0,0.0,0.0,0.0,0.01818181818181818,0.00909090909090909,0.00909090909090909,0.00909090909090909,0.00909090909090909,0.00909090909090909,0.00909090909090909,0.00909090909090909,0.00909090909090909,0.00909090909090909,0.00909090909090909,0.00909090909090909,0.01818181818181818,0.01818181818181818,0.00909090909090909,0.00909090909090909,0.00909090909090909,0.00909090909090909,0.01818181818181818,0.00909090909090909,0.00909090909090909,0.01818181818181818,0.00909090909090909,0.00909090909090909,0.00909090909090909,0.00909090909090909,0.0,0.0,0.0,0.0,0.0,0.0,0.0,0.0,0.0,0.0,0.0,0.0,0.0,0.0,0.0,0.0,0.0,0.0,0.0,0.0,0.0,0.0,0.0,0.0,0.0,0.0,0.0,0.0,0.0,0.0,0.0,0.0,0.0,0.0,0.0,0.0,0.0,0.0,0.0,0.0,0.0,0.0,0.0,0.0,0.0,0.0,0.0,0.0,0.0,0.0,0.0,0.0,0.0,0.0,0.0,0.0,0.0,0.0,0.0,0.0,0.0,0.0,0.0,0.0,0.0,0.0,0.0,0.0,0.0,0.0,0.0,0.0,0.0,0.0,0.0,0.0,0.0,0.0,0.0,0.0,0.0,0.0,0.0,0.0,0.0,0.0,0.0,0.0,0.0,0.0,0.0,0.0,0.0,0.0,0.0,0.0,0.0,0.0,0.0,0.0,0.0,0.0,0.0,0.0,0.0,0.0,0.0,0.0,0.0,0.0,0.0,0.0,0.0,0.0,0.0,0.0
Summer 2015,0.0,0.009615384615384616,0.1346153846153846,0.009615384615384616,0.0,0.009615384615384616,0.009615384615384616,0.009615384615384616,0.009615384615384616,0.028846153846153848,0.009615384615384616,0.0,0.0,0.028846153846153848,0.009615384615384616,0.028846153846153848,0.0,0.0,0.028846153846153848,0.08653846153846154,0.0,0.009615384615384616,0.009615384615384616,0.0,0.0,0.019230769230769232,0.019230769230769232,0.0,0.009615384615384616,0.0,0.009615384615384616,0.009615384615384616,0.019230769230769232,0.009615384615384616,0.0,0.0,0.20192307692307693,0.028846153846153848,0.009615384615384616,0.0,0.0,0.0,0.0673076923076923,0.019230769230769232,0.0673076923076923,0.009615384615384616,0.0,0.0,0.0,0.009615384615384616,0.009615384615384616,0.0,0.057692307692307696,0.0,0.009615384615384616,0.019230769230769232,0.009615384615384616,0.009615384615384616,0.0,0.038461538461538464,0.0,0.0,0.009615384615384616,0.009615384615384616,0.0,0.038461538461538464,0.0,0.0,0.028846153846153848,0.0,0.009615384615384616,0.0,0.0,0.0,0.019230769230769232,0.009615384615384616,0.009615384615384616,0.0,0.0,0.0,0.009615384615384616,0.009615384615384616,0.009615384615384616,0.0,0.0,0.0,0.009615384615384616,0.019230769230769232,0.0,0.0,0.009615384615384616,0.0,0.0,0.0,0.0,0.028846153846153848,0.019230769230769232,0.0,0.038461538461538464,0.009615384615384616,0.0,0.0,0.019230769230769232,0.019230769230769232,0.0,0.0,0.0,0.0,0.0,0.0,0.0,0.0,0.0,0.0,0.019230769230769232,0.0,0.0,0.0,0.0,0.009615384615384616,0.009615384615384616,0.0,0.019230769230769232,0.0,0.0,0.0,0.009615384615384616,0.0,0.009615384615384616,0.0,0.0,0.0,0.04807692307692308,0.0,0.0,0.028846153846153848,0.019230769230769232,0.019230769230769232,0.0,0.0,0.0,0.028846153846153848,0.0,0.0,0.0,0.0,0.0,0.0,0.009615384615384616,0.0,0.0,0.0,0.0,0.0,0.038461538461538464,0.0,0.0,0.0,0.009615384615384616,0.0,0.0,0.019230769230769232,0.0,0.0,0.0,0.0,0.0,0.0,0.0,0.0,0.0,0.0,0.0,0.009615384615384616,0.0,0.0,0.019230769230769232,0.0,0.0,0.0,0.0,0.0,0.0,0.0,0.0,0.009615384615384616,0.0,0.0,0.0,0.0,0.0,0.009615384615384616,0.0,0.0,0.0,0.019230769230769232,0.0,0.0,0.0,0.0,0.0,0.0,0.0,0.0,0.019230769230769232,0.009615384615384616,0.0,0.0,0.019230769230769232,0.0,0.0,0.0,0.0,0.0,0.0,0.0,0.009615384615384616,0.009615384615384616,0.009615384615384616,0.009615384615384616,0.009615384615384616,0.009615384615384616,0.009615384615384616,0.009615384615384616,0.009615384615384616,0.0,0.0,0.0,0.0,0.0,0.0,0.0,0.0,0.0,0.0,0.0,0.0,0.0,0.0,0.0,0.0,0.0,0.0,0.0,0.0,0.0,0.0,0.0,0.0,0.0,0.0,0.0,0.0,0.0,0.0,0.0,0.0,0.0,0.0,0.0,0.0,0.0,0.0,0.0,0.0,0.0,0.0,0.0,0.0,0.0,0.0,0.0,0.0,0.0,0.0,0.0,0.0,0.0,0.0,0.0,0.0,0.0,0.0,0.0,0.0,0.0,0.0,0.0,0.0,0.0,0.0,0.0,0.0,0.0,0.0,0.0,0.0,0.0,0.0,0.0,0.0,0.0,0.0,0.0,0.0,0.0,0.0,0.0,0.0,0.0,0.0,0.0,0.0,0.0,0.0,0.0,0.0,0.0,0.0,0.0,0.0,0.0,0.0,0.0,0.0,0.0,0.0,0.0,0.0,0.0,0.0,0.0
Winter 2016,0.0,0.0,0.08196721311475409,0.01639344262295082,0.0,0.0,0.040983606557377046,0.00819672131147541,0.0,0.01639344262295082,0.00819672131147541,0.02459016393442623,0.0,0.01639344262295082,0.02459016393442623,0.00819672131147541,0.0,0.0,0.01639344262295082,0.07377049180327869,0.01639344262295082,0.0,0.02459016393442623,0.00819672131147541,0.00819672131147541,0.0,0.0,0.0,0.01639344262295082,0.00819672131147541,0.02459016393442623,0.0,0.01639344262295082,0.00819672131147541,0.0,0.00819672131147541,0.14754098360655737,0.0,0.00819672131147541,0.01639344262295082,0.0,0.01639344262295082,0.06557377049180328,0.01639344262295082,0.05737704918032787,0.02459016393442623,0.0,0.00819672131147541,0.00819672131147541,0.01639344262295082,0.00819672131147541,0.00819672131147541,0.03278688524590164,0.0,0.00819672131147541,0.0,0.0,0.00819672131147541,0.00819672131147541,0.03278688524590164,0.00819672131147541,0.00819672131147541,0.00819672131147541,0.01639344262295082,0.0,0.0,0.02459016393442623,0.0,0.02459016393442623,0.03278688524590164,0.04918032786885246,0.00819672131147541,0.0,0.0,0.0,0.0,0.03278688524590164,0.00819672131147541,0.02459016393442623,0.0,0.00819672131147541,0.01639344262295082,0.03278688524590164,0.0,0.0,0.0,0.0,0.03278688524590164,0.0,0.0,0.0,0.0,0.0,0.0,0.00819672131147541,0.02459016393442623,0.00819672131147541,0.0,0.00819672131147541,0.00819672131147541,0.0,0.01639344262295082,0.0,0.00819672131147541,0.0,0.00819672131147541,0.0,0.00819672131147541,0.0,0.0,0.00819672131147541,0.0,0.0,0.0,0.0,0.00819672131147541,0.0,0.00819672131147541,0.0,0.0,0.02459016393442623,0.0,0.0,0.0,0.0,0.0,0.0,0.00819672131147541,0.00819672131147541,0.0,0.0,0.00819672131147541,0.03278688524590164,0.01639344262295082,0.00819672131147541,0.02459016393442623,0.0,0.06557377049180328,0.0,0.0,0.0,0.03278688524590164,0.00819672131147541,0.0,0.0,0.0,0.0,0.01639344262295082,0.00819672131147541,0.0,0.0,0.0,0.0,0.0,0.02459016393442623,0.00819672131147541,0.0,0.0,0.0,0.00819672131147541,0.0,0.00819672131147541,0.0,0.0,0.0,0.0,0.0,0.0,0.01639344262295082,0.0,0.0,0.0,0.01639344262295082,0.00819672131147541,0.0,0.0,0.01639344262295082,0.0,0.0,0.0,0.00819672131147541,0.0,0.0,0.0,0.0,0.0,0.0,0.00819672131147541,0.0,0.0,0.0,0.00819672131147541,0.0,0.0,0.0,0.0,0.0,0.0,0.0,0.0,0.0,0.0,0.0,0.0,0.0,0.0,0.0,0.0,0.00819672131147541,0.0,0.00819672131147541,0.0,0.01639344262295082,0.00819672131147541,0.00819672131147541,0.0,0.0,0.0,0.0,0.0,0.0,0.0,0.0,0.0,0.0,0.00819672131147541,0.00819672131147541,0.00819672131147541,0.00819672131147541,0.00819672131147541,0.00819672131147541,0.00819672131147541,0.00819672131147541,0.00819672131147541,0.00819672131147541,0.01639344262295082,0.00819672131147541,0.00819672131147541,0.00819672131147541,0.00819672131147541,0.00819672131147541,0.00819672131147541,0.00819672131147541,0.00819672131147541,0.00819672131147541,0.00819672131147541,0.00819672131147541,0.00819672131147541,0.0,0.0,0.0,0.0,0.0,0.0,0.0,0.0,0.0,0.0,0.0,0.0,0.0,0.0,0.0,0.0,0.0,0.0,0.0,0.0,0.0,0.0,0.0,0.0,0.0,0.0,0.0,0.0,0.0,0.0,0.0,0.0,0.0,0.0,0.0,0.0,0.0,0.0,0.0,0.0,0.0,0.0,0.0,0.0,0.0,0.0,0.0,0.0,0.0,0.0,0.0,0.0,0.0,0.0,0.0,0.0,0.0,0.0,0.0,0.0,0.0,0.0,0.0,0.0,0.0,0.0,0.0,0.0,0.0,0.0,0.0,0.0,0.0,0.0,0.0,0.0,0.0,0.0,0.0,0.0,0.0,0.0,0.0,0.0
Summer 2016,0.00980392156862745,0.0,0.09803921568627451,0.00980392156862745,0.0,0.0,0.0,0.0,0.029411764705882353,0.058823529411764705,0.00980392156862745,0.0,0.0,0.058823529411764705,0.00980392156862745,0.0,0.00980392156862745,0.0,0.0196078431372549,0.10784313725490197,0.0196078431372549,0.0,0.0,0.0392156862745098,0.00980392156862745,0.00980392156862745,0.0,0.0,0.0,0.00980392156862745,0.00980392156862745,0.0196078431372549,0.0,0.0,0.0,0.0,0.06862745098039216,0.0784313725490196,0.0,0.029411764705882353,0.0,0.0,0.0196078431372549,0.00980392156862745,0.00980392156862745,0.0196078431372549,0.0,0.00980392156862745,0.0,0.00980392156862745,0.0,0.0,0.0392156862745098,0.00980392156862745,0.0,0.0,0.00980392156862745,0.0,0.00980392156862745,0.0392156862745098,0.0,0.049019607843137254,0.00980392156862745,0.0,0.0,0.00980392156862745,0.029411764705882353,0.0,0.029411764705882353,0.00980392156862745,0.029411764705882353,0.0,0.0,0.0,0.0,0.0,0.00980392156862745,0.0196078431372549,0.029411764705882353,0.00980392156862745,0.00980392156862745,0.0196078431372549,0.0,0.0,0.0,0.0,0.0,0.0,0.0,0.0,0.0196078431372549,0.0,0.0,0.00980392156862745,0.029411764705882353,0.0196078431372549,0.00980392156862745,0.00980392156862745,0.0,0.0,0.0,0.0196078431372549,0.049019607843137254,0.0196078431372549,0.0,0.0196078431372549,0.0,0.0,0.0,0.0,0.0,0.0,0.0,0.0,0.0,0.0,0.0,0.00980392156862745,0.0,0.0,0.00980392156862745,0.00980392156862745,0.00980392156862745,0.00980392156862745,0.00980392156862745,0.0,0.0,0.00980392156862745,0.00980392156862745,0.0,0.0,0.00980392156862745,0.0196078431372549,0.0,0.0,0.00980392156862745,0.00980392156862745,0.09803921568627451,0.0,0.0,0.0,0.00980392156862745,0.00980392156862745,0.0,0.00980392156862745,0.0,0.0,0.00980392156862745,0.00980392156862745,0.0,0.0,0.0,0.0,0.0196078431372549,0.029411764705882353,0.0,0.0,0.0,0.00980392156862745,0.0,0.0,0.00980392156862745,0.00980392156862745,0.00980392156862745,0.0,0.0196078431372549,0.00980392156862745,0.00980392156862745,0.0,0.0,0.0,0.0,0.00980392156862745,0.0,0.00980392156862745,0.0,0.0196078431372549,0.0,0.0,0.0,0.00980392156862745,0.0,0.0196078431372549,0.0,0.00980392156862745,0.0,0.0,0.0,0.0,0.0,0.0,0.00980392156862745,0.0,0.0,0.0,0.0,0.0,0.0,0.0,0.00980392156862745,0.0,0.00980392156862745,0.00980392156862745,0.0,0.00980392156862745,0.0,0.00980392156862745,0.0,0.00980392156862745,0.0,0.0,0.0,0.0,0.0,0.0,0.0,0.0,0.0,0.0,0.0,0.0,0.0,0.00980392156862745,0.0,0.0,0.00980392156862745,0.0,0.0,0.0,0.0,0.00980392156862745,0.0,0.0,0.00980392156862745,0.0,0.00980392156862745,0.0,0.0,0.00980392156862745,0.0,0.0,0.0,0.0,0.0,0.00980392156862745,0.00980392156862745,0.00980392156862745,0.0,0.00980392156862745,0.00980392156862745,0.00980392156862745,0.00980392156862745,0.00980392156862745,0.00980392156862745,0.00980392156862745,0.00980392156862745,0.00980392156862745,0.0,0.0,0.0,0.0,0.0,0.0,0.0,0.0,0.0,0.0,0.0,0.0,0.0,0.0,0.0,0.0,0.0,0.0,0.0,0.0,0.0,0.0,0.0,0.0,0.0,0.0,0.0,0.0,0.0,0.0,0.0,0.0,0.0,0.0,0.0,0.0,0.0,0.0,0.0,0.0,0.0,0.0,0.0,0.0,0.0,0.0,0.0,0.0,0.0,0.0,0.0,0.0,0.0,0.0,0.0,0.0,0.0,0.0,0.0,0.0,0.0,0.0,0.0,0.0,0.0,0.0,0.0,0.0,0.0,0.0,0.0,0.0,0.0,0.0,0.0
Winter 2017,0.008620689655172414,0.0,0.1206896551724138,0.008620689655172414,0.0,0.0,0.017241379310344827,0.0,0.0,0.017241379310344827,0.008620689655172414,0.008620689655172414,0.0,0.034482758620689655,0.008620689655172414,0.017241379310344827,0.0,0.008620689655172414,0.02586206896551724,0.08620689655172414,0.02586206896551724,0.0,0.017241379310344827,0.008620689655172414,0.0,0.0,0.008620689655172414,0.0,0.0,0.008620689655172414,0.017241379310344827,0.008620689655172414,0.0,0.0,0.0,0.0,0.10344827586206896,0.0603448275862069,0.017241379310344827,0.02586206896551724,0.0,0.017241379310344827,0.09482758620689655,0.017241379310344827,0.034482758620689655,0.02586206896551724,0.0,0.008620689655172414,0.0,0.008620689655172414,0.0,0.008620689655172414,0.05172413793103448,0.008620689655172414,0.017241379310344827,0.02586206896551724,0.008620689655172414,0.0,0.017241379310344827,0.0603448275862069,0.0,0.017241379310344827,0.0,0.0,0.008620689655172414,0.0,0.034482758620689655,0.0,0.017241379310344827,0.0,0.04310344827586207,0.008620689655172414,0.0,0.0,0.017241379310344827,0.0,0.02586206896551724,0.008620689655172414,0.04310344827586207,0.008620689655172414,0.008620689655172414,0.017241379310344827,0.017241379310344827,0.0,0.0,0.017241379310344827,0.008620689655172414,0.017241379310344827,0.0,0.0,0.0,0.008620689655172414,0.008620689655172414,0.0,0.008620689655172414,0.0,0.02586206896551724,0.0,0.02586206896551724,0.017241379310344827,0.0,0.008620689655172414,0.017241379310344827,0.034482758620689655,0.0,0.0,0.0,0.0,0.0,0.0,0.0,0.0,0.0,0.017241379310344827,0.0,0.0,0.0,0.0,0.0,0.0,0.008620689655172414,0.0,0.008620689655172414,0.0,0.0,0.0,0.0,0.0,0.0,0.0,0.008620689655172414,0.0,0.02586206896551724,0.017241379310344827,0.017241379310344827,0.034482758620689655,0.008620689655172414,0.11206896551724138,0.008620689655172414,0.0,0.008620689655172414,0.02586206896551724,0.0,0.008620689655172414,0.008620689655172414,0.008620689655172414,0.0,0.017241379310344827,0.02586206896551724,0.0,0.0,0.0,0.0,0.008620689655172414,0.02586206896551724,0.008620689655172414,0.008620689655172414,0.0,0.0,0.0,0.0,0.0,0.0,0.02586206896551724,0.0,0.0,0.008620689655172414,0.0,0.0,0.0,0.0,0.0,0.0,0.008620689655172414,0.0,0.0,0.0,0.0,0.0,0.008620689655172414,0.017241379310344827,0.0,0.017241379310344827,0.0,0.0,0.008620689655172414,0.0,0.008620689655172414,0.0,0.0,0.017241379310344827,0.017241379310344827,0.0,0.0,0.0,0.0,0.0,0.0,0.0,0.008620689655172414,0.0,0.0,0.0,0.0,0.0,0.0,0.008620689655172414,0.008620689655172414,0.0,0.0,0.0,0.008620689655172414,0.0,0.0,0.008620689655172414,0.0,0.0,0.0,0.0,0.0,0.008620689655172414,0.0,0.008620689655172414,0.0,0.0,0.008620689655172414,0.0,0.008620689655172414,0.0,0.0,0.0,0.0,0.0,0.0,0.0,0.017241379310344827,0.0,0.0,0.0,0.0,0.0,0.0,0.0,0.0,0.017241379310344827,0.0,0.008620689655172414,0.0,0.0,0.0,0.0,0.0,0.0,0.0,0.0,0.0,0.0,0.008620689655172414,0.008620689655172414,0.008620689655172414,0.008620689655172414,0.008620689655172414,0.008620689655172414,0.008620689655172414,0.008620689655172414,0.008620689655172414,0.008620689655172414,0.008620689655172414,0.008620689655172414,0.0,0.0,0.0,0.0,0.0,0.0,0.0,0.0,0.0,0.0,0.0,0.0,0.0,0.0,0.0,0.0,0.0,0.0,0.0,0.0,0.0,0.0,0.0,0.0,0.0,0.0,0.0,0.0,0.0,0.0,0.0,0.0,0.0,0.0,0.0,0.0,0.0,0.0,0.0,0.0,0.0,0.0,0.0,0.0,0.0,0.0,0.0,0.0,0.0,0.0,0.0,0.0,0.0,0.0,0.0,0.0,0.0,0.0,0.0,0.0,0.0,0.0,0.0
Summer 2017,0.0,0.0,0.104,0.016,0.0,0.0,0.008,0.0,0.0,0.024,0.0,0.008,0.0,0.04,0.0,0.048,0.008,0.008,0.008,0.096,0.008,0.0,0.016,0.0,0.008,0.008,0.008,0.0,0.04,0.032,0.008,0.008,0.0,0.0,0.0,0.0,0.112,0.032,0.0,0.016,0.0,0.016,0.08,0.032,0.024,0.0,0.0,0.016,0.0,0.016,0.008,0.008,0.04,0.0,0.008,0.008,0.0,0.008,0.0,0.032,0.0,0.008,0.008,0.008,0.0,0.0,0.048,0.0,0.024,0.0,0.048,0.0,0.0,0.0,0.0,0.008,0.0,0.0,0.008,0.008,0.016,0.016,0.016,0.0,0.008,0.0,0.016,0.048,0.0,0.0,0.024,0.0,0.0,0.0,0.016,0.016,0.008,0.016,0.008,0.032,0.0,0.024,0.016,0.0,0.0,0.0,0.008,0.0,0.0,0.0,0.0,0.016,0.0,0.008,0.0,0.0,0.0,0.016,0.0,0.0,0.016,0.0,0.016,0.0,0.0,0.0,0.016,0.008,0.008,0.0,0.0,0.0,0.016,0.016,0.0,0.032,0.008,0.104,0.0,0.0,0.0,0.0,0.0,0.0,0.0,0.008,0.0,0.0,0.024,0.0,0.008,0.0,0.0,0.0,0.048,0.0,0.016,0.016,0.008,0.0,0.0,0.0,0.008,0.016,0.0,0.0,0.0,0.0,0.008,0.0,0.0,0.0,0.0,0.0,0.0,0.0,0.008,0.0,0.0,0.0,0.016,0.0,0.032,0.008,0.0,0.0,0.0,0.0,0.008,0.0,0.016,0.048,0.0,0.0,0.0,0.0,0.008,0.0,0.0,0.0,0.0,0.008,0.008,0.016,0.008,0.0,0.0,0.0,0.0,0.0,0.0,0.0,0.008,0.008,0.008,0.0,0.0,0.0,0.0,0.0,0.0,0.0,0.008,0.008,0.008,0.0,0.0,0.0,0.0,0.0,0.0,0.008,0.0,0.0,0.0,0.0,0.008,0.0,0.0,0.0,0.0,0.0,0.0,0.0,0.0,0.0,0.0,0.008,0.008,0.008,0.0,0.0,0.0,0.0,0.0,0.008,0.0,0.0,0.008,0.0,0.0,0.0,0.008,0.0,0.0,0.0,0.0,0.0,0.0,0.016,0.008,0.008,0.008,0.008,0.008,0.008,0.008,0.008,0.008,0.008,0.0,0.0,0.0,0.0,0.0,0.0,0.0,0.0,0.0,0.0,0.0,0.0,0.0,0.0,0.0,0.0,0.0,0.0,0.0,0.0,0.0,0.0,0.0,0.0,0.0,0.0,0.0,0.0,0.0,0.0,0.0,0.0,0.0,0.0,0.0,0.0,0.0,0.0,0.0,0.0,0.0,0.0,0.0,0.0,0.0,0.0,0.0,0.0,0.0,0.0,0.0,0.0
Winter 2018,0.0,0.0,0.11643835616438356,0.00684931506849315,0.0,0.0,0.0273972602739726,0.0136986301369863,0.0136986301369863,0.0547945205479452,0.0136986301369863,0.0,0.0,0.0410958904109589,0.02054794520547945,0.00684931506849315,0.0,0.0,0.00684931506849315,0.0547945205479452,0.00684931506849315,0.0273972602739726,0.03424657534246575,0.00684931506849315,0.0,0.0,0.00684931506849315,0.0,0.0273972602739726,0.0273972602739726,0.0136986301369863,0.0,0.0410958904109589,0.00684931506849315,0.00684931506849315,0.02054794520547945,0.136986301369863,0.0273972602739726,0.0,0.00684931506849315,0.0,0.00684931506849315,0.11643835616438356,0.0136986301369863,0.0410958904109589,0.0,0.0,0.00684931506849315,0.0,0.0136986301369863,0.0,0.0,0.0273972602739726,0.0,0.0,0.00684931506849315,0.0,0.0,0.0,0.04794520547945205,0.0,0.0,0.0,0.0136986301369863,0.0136986301369863,0.00684931506849315,0.06164383561643835,0.0,0.00684931506849315,0.0,0.04794520547945205,0.0,0.0,0.00684931506849315,0.00684931506849315,0.0,0.03424657534246575,0.00684931506849315,0.0,0.0,0.0,0.0,0.00684931506849315,0.0,0.0,0.00684931506849315,0.02054794520547945,0.02054794520547945,0.0,0.0,0.00684931506849315,0.00684931506849315,0.00684931506849315,0.0,0.0136986301369863,0.03424657534246575,0.0136986301369863,0.0,0.00684931506849315,0.0136986301369863,0.0,0.0,0.06164383561643835,0.00684931506849315,0.0,0.0,0.0,0.0,0.00684931506849315,0.0,0.0,0.0,0.0,0.0410958904109589,0.02054794520547945,0.0,0.0,0.00684931506849315,0.0,0.0,0.0,0.0,0.0136986301369863,0.0,0.0,0.0,0.0,0.0,0.0,0.0,0.0,0.0,0.02054794520547945,0.00684931506849315,0.0136986301369863,0.0136986301369863,0.00684931506849315,0.0958904109589041,0.0,0.0,0.00684931506849315,0.03424657534246575,0.0,0.00684931506849315,0.00684931506849315,0.02054794520547945,0.00684931506849315,0.0136986301369863,0.02054794520547945,0.0,0.0,0.0,0.0,0.0,0.0136986301369863,0.0,0.02054794520547945,0.0,0.0,0.00684931506849315,0.0,0.00684931506849315,0.0136986301369863,0.0,0.0,0.0,0.00684931506849315,0.0,0.03424657534246575,0.0,0.0,0.0,0.00684931506849315,0.00684931506849315,0.0,0.0,0.0,0.0,0.0,0.0,0.0,0.00684931506849315,0.0136986301369863,0.00684931506849315,0.0136986301369863,0.0,0.0,0.0,0.0,0.00684931506849315,0.00684931506849315,0.00684931506849315,0.00684931506849315,0.0,0.0136986301369863,0.00684931506849315,0.0,0.0,0.0136986301369863,0.0,0.0,0.0,0.0,0.00684931506849315,0.0,0.0,0.0,0.0,0.00684931506849315,0.0,0.0,0.0136986301369863,0.0,0.0,0.0,0.0,0.0,0.00684931506849315,0.0,0.0,0.0,0.0,0.00684931506849315,0.0,0.0,0.0136986301369863,0.00684931506849315,0.0,0.00684931506849315,0.00684931506849315,0.0,0.0,0.0,0.0,0.00684931506849315,0.0136986301369863,0.0,0.0,0.0,0.0,0.0,0.00684931506849315,0.0,0.0,0.0,0.00684931506849315,0.0,0.00684931506849315,0.0,0.00684931506849315,0.0,0.0,0.00684931506849315,0.0,0.0,0.0,0.00684931506849315,0.00684931506849315,0.00684931506849315,0.0,0.0,0.0,0.0,0.0,0.0,0.00684931506849315,0.0,0.0,0.0,0.0,0.0,0.0,0.0,0.0,0.0,0.0,0.0,0.00684931506849315,0.0,0.00684931506849315,0.00684931506849315,0.00684931506849315,0.0136986301369863,0.00684931506849315,0.00684931506849315,0.00684931506849315,0.00684931506849315,0.00684931506849315,0.00684931506849315,0.0,0.0,0.0,0.0,0.0,0.0,0.0,0.0,0.0,0.0,0.0,0.0,0.0,0.0,0.0,0.0,0.0,0.0,0.0,0.0,0.0,0.0,0.0,0.0,0.0,0.0,0.0,0.0,0.0,0.0,0.0,0.0,0.0,0.0,0.0,0.0,0.0,0.0,0.0,0.0,0.0,0.0,0.0
Summer 2018,0.0,0.0,0.11450381679389313,0.015267175572519083,0.0,0.007633587786259542,0.022900763358778626,0.015267175572519083,0.007633587786259542,0.015267175572519083,0.015267175572519083,0.0,0.0,0.03816793893129771,0.0,0.007633587786259542,0.015267175572519083,0.0,0.015267175572519083,0.03816793893129771,0.022900763358778626,0.0,0.015267175572519083,0.015267175572519083,0.0,0.015267175572519083,0.0,0.0,0.022900763358778626,0.015267175572519083,0.0,0.015267175572519083,0.015267175572519083,0.007633587786259542,0.007633587786259542,0.007633587786259542,0.16030534351145037,0.061068702290076333,0.0,0.03816793893129771,0.007633587786259542,0.015267175572519083,0.05343511450381679,0.015267175572519083,0.05343511450381679,0.015267175572519083,0.0,0.0,0.007633587786259542,0.022900763358778626,0.007633587786259542,0.0,0.030534351145038167,0.007633587786259542,0.007633587786259542,0.007633587786259542,0.0,0.007633587786259542,0.0,0.015267175572519083,0.0,0.0,0.0,0.0,0.007633587786259542,0.007633587786259542,0.030534351145038167,0.007633587786259542,0.0,0.007633587786259542,0.07633587786259542,0.0,0.0,0.0,0.0,0.0,0.08396946564885496,0.015267175572519083,0.022900763358778626,0.0,0.007633587786259542,0.007633587786259542,0.007633587786259542,0.007633587786259542,0.0,0.0,0.015267175572519083,0.0,0.0,0.0,0.007633587786259542,0.0,0.0,0.0,0.007633587786259542,0.015267175572519083,0.0,0.015267175572519083,0.015267175572519083,0.007633587786259542,0.0,0.0,0.022900763358778626,0.0,0.0,0.0,0.007633587786259542,0.0,0.0,0.0,0.0,0.0,0.0,0.015267175572519083,0.0,0.0,0.0,0.015267175572519083,0.0,0.0,0.015267175572519083,0.0,0.007633587786259542,0.0,0.0,0.0,0.022900763358778626,0.0,0.0,0.0,0.007633587786259542,0.015267175572519083,0.04580152671755725,0.03816793893129771,0.0,0.022900763358778626,0.015267175572519083,0.09923664122137404,0.0,0.0,0.0,0.030534351145038167,0.0,0.015267175572519083,0.0,0.007633587786259542,0.0,0.015267175572519083,0.030534351145038167,0.0,0.0,0.0,0.0,0.0,0.030534351145038167,0.0,0.022900763358778626,0.0,0.007633587786259542,0.0,0.0,0.0,0.0,0.0,0.0,0.0,0.007633587786259542,0.0,0.007633587786259542,0.0,0.0,0.0,0.0,0.0,0.007633587786259542,0.0,0.007633587786259542,0.0,0.0,0.0,0.015267175572519083,0.007633587786259542,0.015267175572519083,0.007633587786259542,0.007633587786259542,0.0,0.0,0.007633587786259542,0.0,0.007633587786259542,0.007633587786259542,0.015267175572519083,0.015267175572519083,0.0,0.007633587786259542,0.0,0.0,0.0,0.0,0.007633587786259542,0.0,0.0,0.0,0.007633587786259542,0.007633587786259542,0.0,0.015267175572519083,0.0,0.0,0.0,0.007633587786259542,0.0,0.007633587786259542,0.0,0.007633587786259542,0.0,0.007633587786259542,0.0,0.007633587786259542,0.0,0.007633587786259542,0.0,0.007633587786259542,0.0,0.0,0.0,0.007633587786259542,0.0,0.015267175572519083,0.0,0.0,0.0,0.0,0.0,0.007633587786259542,0.0,0.0,0.0,0.0,0.0,0.0,0.007633587786259542,0.0,0.015267175572519083,0.0,0.0,0.0,0.007633587786259542,0.0,0.015267175572519083,0.0,0.0,0.0,0.0,0.0,0.0,0.0,0.022900763358778626,0.0,0.0,0.007633587786259542,0.0,0.007633587786259542,0.0,0.007633587786259542,0.0,0.007633587786259542,0.0,0.0,0.0,0.022900763358778626,0.0,0.0,0.007633587786259542,0.0,0.0,0.0,0.0,0.0,0.0,0.0,0.007633587786259542,0.0,0.0,0.0,0.0,0.0,0.0,0.0,0.007633587786259542,0.015267175572519083,0.007633587786259542,0.007633587786259542,0.015267175572519083,0.007633587786259542,0.007633587786259542,0.007633587786259542,0.007633587786259542,0.0,0.0,0.0,0.0,0.0,0.0,0.0,0.0,0.0,0.0,0.0,0.0,0.0,0.0,0.0,0.0,0.0,0.0,0.0,0.0,0.0,0.0,0.0,0.0,0.0,0.0,0.0,0.0,0.0,0.0,0.0,0.0,0.0,0.0
Winter 2019,0.005128205128205128,0.0,0.13333333333333333,0.041025641025641026,0.0,0.0,0.015384615384615385,0.005128205128205128,0.005128205128205128,0.02564102564102564,0.005128205128205128,0.010256410256410256,0.0,0.046153846153846156,0.02564102564102564,0.02564102564102564,0.0,0.005128205128205128,0.020512820512820513,0.06153846153846154,0.015384615384615385,0.020512820512820513,0.015384615384615385,0.010256410256410256,0.0,0.020512820512820513,0.0,0.005128205128205128,0.035897435897435895,0.015384615384615385,0.0,0.0,0.010256410256410256,0.005128205128205128,0.0,0.010256410256410256,0.18461538461538463,0.010256410256410256,0.015384615384615385,0.02564102564102564,0.010256410256410256,0.02564102564102564,0.14358974358974358,0.041025641025641026,0.07692307692307693,0.015384615384615385,0.0,0.005128205128205128,0.0,0.0,0.010256410256410256,0.0,0.02564102564102564,0.0,0.015384615384615385,0.010256410256410256,0.005128205128205128,0.010256410256410256,0.0,0.03076923076923077,0.0,0.005128205128205128,0.010256410256410256,0.0,0.005128205128205128,0.020512820512820513,0.035897435897435895,0.0,0.010256410256410256,0.010256410256410256,0.05641025641025641,0.0,0.0,0.0,0.015384615384615385,0.0,0.015384615384615385,0.005128205128205128,0.02564102564102564,0.0,0.005128205128205128,0.020512820512820513,0.010256410256410256,0.0,0.010256410256410256,0.010256410256410256,0.010256410256410256,0.015384615384615385,0.005128205128205128,0.0,0.005128205128205128,0.005128205128205128,0.005128205128205128,0.005128205128205128,0.015384615384615385,0.020512820512820513,0.005128205128205128,0.0,0.010256410256410256,0.005128205128205128,0.0,0.0,0.05128205128205128,0.010256410256410256,0.0,0.0,0.005128205128205128,0.0,0.005128205128205128,0.0,0.0,0.0,0.0,0.005128205128205128,0.005128205128205128,0.0,0.0,0.0,0.005128205128205128,0.0,0.005128205128205128,0.005128205128205128,0.010256410256410256,0.0,0.005128205128205128,0.005128205128205128,0.0,0.010256410256410256,0.0,0.0,0.0,0.005128205128205128,0.03076923076923077,0.005128205128205128,0.0,0.005128205128205128,0.005128205128205128,0.09230769230769231,0.0,0.0,0.0,0.020512820512820513,0.015384615384615385,0.005128205128205128,0.0,0.015384615384615385,0.0,0.0,0.020512820512820513,0.0,0.0,0.0,0.0,0.0,0.046153846153846156,0.0,0.010256410256410256,0.005128205128205128,0.015384615384615385,0.0,0.0,0.005128205128205128,0.0,0.005128205128205128,0.0,0.005128205128205128,0.005128205128205128,0.0,0.010256410256410256,0.005128205128205128,0.005128205128205128,0.005128205128205128,0.0,0.005128205128205128,0.0,0.0,0.005128205128205128,0.005128205128205128,0.0,0.0,0.02564102564102564,0.0,0.0,0.005128205128205128,0.0,0.005128205128205128,0.0,0.005128205128205128,0.010256410256410256,0.0,0.010256410256410256,0.010256410256410256,0.005128205128205128,0.0,0.0,0.010256410256410256,0.005128205128205128,0.0,0.0,0.005128205128205128,0.0,0.010256410256410256,0.005128205128205128,0.0,0.0,0.005128205128205128,0.0,0.0,0.015384615384615385,0.005128205128205128,0.0,0.005128205128205128,0.005128205128205128,0.0,0.005128205128205128,0.0,0.005128205128205128,0.0,0.0,0.0,0.0,0.0,0.005128205128205128,0.0,0.0,0.010256410256410256,0.005128205128205128,0.0,0.005128205128205128,0.0,0.005128205128205128,0.0,0.005128205128205128,0.0,0.0,0.005128205128205128,0.005128205128205128,0.0,0.0,0.005128205128205128,0.005128205128205128,0.0,0.005128205128205128,0.005128205128205128,0.0,0.0,0.0,0.0,0.0,0.0,0.0,0.010256410256410256,0.0,0.0,0.0,0.0,0.0,0.0,0.0,0.005128205128205128,0.0,0.0,0.005128205128205128,0.005128205128205128,0.005128205128205128,0.0,0.010256410256410256,0.0,0.010256410256410256,0.005128205128205128,0.0,0.0,0.0,0.0,0.0,0.005128205128205128,0.0,0.0,0.0,0.005128205128205128,0.0,0.0,0.005128205128205128,0.0,0.0,0.0,0.005128205128205128,0.0,0.0,0.005128205128205128,0.005128205128205128,0.0,0.005128205128205128,0.0,0.005128205128205128,0.0,0.0,0.005128205128205128,0.005128205128205128,0.005128205128205128,0.005128205128205128,0.005128205128205128,0.005128205128205128,0.005128205128205128,0.005128205128205128,0.005128205128205128,0.005128205128205128,0.005128205128205128,0.0,0.0,0.0,0.0,0.0,0.0,0.0,0.0,0.0,0.0,0.0,0.0,0.0,0.0,0.0,0.0,0.0,0.0,0.0,0.0,0.0,0.0,0.0,0.0
Summer 2019,0.0,0.0,0.1590909090909091,0.011363636363636364,0.0,0.0,0.028409090909090908,0.03977272727272727,0.017045454545454544,0.056818181818181816,0.005681818181818182,0.028409090909090908,0.0,0.045454545454545456,0.017045454545454544,0.028409090909090908,0.005681818181818182,0.011363636363636364,0.005681818181818182,0.0625,0.028409090909090908,0.022727272727272728,0.005681818181818182,0.005681818181818182,0.0,0.0,0.0,0.011363636363636364,0.022727272727272728,0.005681818181818182,0.011363636363636364,0.017045454545454544,0.011363636363636364,0.005681818181818182,0.0,0.005681818181818182,0.1875,0.022727272727272728,0.0,0.005681818181818182,0.0,0.011363636363636364,0.10795454545454546,0.022727272727272728,0.09659090909090909,0.005681818181818182,0.0,0.0,0.0,0.011363636363636364,0.005681818181818182,0.0,0.056818181818181816,0.005681818181818182,0.017045454545454544,0.005681818181818182,0.0,0.028409090909090908,0.005681818181818182,0.028409090909090908,0.0,0.011363636363636364,0.011363636363636364,0.0,0.005681818181818182,0.005681818181818182,0.045454545454545456,0.0,0.0,0.0,0.05113636363636364,0.005681818181818182,0.0,0.0,0.005681818181818182,0.0,0.017045454545454544,0.017045454545454544,0.0,0.0,0.022727272727272728,0.011363636363636364,0.0,0.0,0.011363636363636364,0.0,0.005681818181818182,0.011363636363636364,0.0,0.011363636363636364,0.022727272727272728,0.005681818181818182,0.0,0.0,0.022727272727272728,0.017045454545454544,0.011363636363636364,0.005681818181818182,0.011363636363636364,0.0,0.0,0.005681818181818182,0.022727272727272728,0.005681818181818182,0.0,0.005681818181818182,0.011363636363636364,0.0,0.0,0.0,0.0,0.0,0.0,0.03977272727272727,0.005681818181818182,0.011363636363636364,0.0,0.011363636363636364,0.005681818181818182,0.0,0.0,0.011363636363636364,0.0,0.0,0.0,0.0,0.0,0.005681818181818182,0.005681818181818182,0.0,0.0,0.0,0.028409090909090908,0.011363636363636364,0.0,0.03409090909090909,0.005681818181818182,0.08522727272727272,0.0,0.0,0.0,0.011363636363636364,0.0,0.011363636363636364,0.011363636363636364,0.0,0.0,0.005681818181818182,0.028409090909090908,0.0,0.005681818181818182,0.011363636363636364,0.0,0.0,0.022727272727272728,0.005681818181818182,0.022727272727272728,0.0,0.011363636363636364,0.0,0.0,0.0,0.0,0.011363636363636364,0.0,0.0,0.0,0.0,0.011363636363636364,0.005681818181818182,0.0,0.0,0.0,0.005681818181818182,0.005681818181818182,0.0,0.005681818181818182,0.0,0.0,0.0,0.017045454545454544,0.005681818181818182,0.017045454545454544,0.0,0.011363636363636364,0.005681818181818182,0.0,0.0,0.0,0.0,0.0,0.017045454545454544,0.011363636363636364,0.005681818181818182,0.0,0.005681818181818182,0.0,0.0,0.011363636363636364,0.005681818181818182,0.0,0.005681818181818182,0.022727272727272728,0.0,0.0,0.005681818181818182,0.005681818181818182,0.005681818181818182,0.0,0.0,0.0,0.0,0.005681818181818182,0.0,0.0,0.0,0.0,0.0,0.0,0.0,0.0,0.0,0.005681818181818182,0.0,0.0,0.0,0.017045454545454544,0.0,0.005681818181818182,0.0,0.005681818181818182,0.0,0.005681818181818182,0.005681818181818182,0.005681818181818182,0.0,0.0,0.0,0.0,0.0,0.0,0.0,0.0,0.0,0.011363636363636364,0.005681818181818182,0.0,0.0,0.005681818181818182,0.0,0.0,0.0,0.0,0.0,0.0,0.0,0.005681818181818182,0.0,0.0,0.0,0.005681818181818182,0.0,0.0,0.0,0.0,0.005681818181818182,0.005681818181818182,0.005681818181818182,0.0,0.011363636363636364,0.0,0.0,0.005681818181818182,0.0,0.0,0.0,0.0,0.0,0.0,0.0,0.0,0.0,0.0,0.005681818181818182,0.0,0.0,0.0,0.0,0.0,0.005681818181818182,0.0,0.005681818181818182,0.0,0.0,0.0,0.0,0.005681818181818182,0.0,0.005681818181818182,0.0,0.0,0.0,0.0,0.0,0.005681818181818182,0.0,0.0,0.0,0.005681818181818182,0.005681818181818182,0.0,0.0,0.0,0.0,0.0,0.0,0.0,0.0,0.0,0.0,0.0,0.0,0.0,0.0,0.0,0.0,0.0,0.0,0.0,0.0,0.0,0.0
Winter 2020,0.008733624454148471,0.0,0.17467248908296942,0.034934497816593885,0.0,0.004366812227074236,0.021834061135371178,0.021834061135371178,0.004366812227074236,0.026200873362445413,0.0,0.004366812227074236,0.0,0.021834061135371178,0.017467248908296942,0.017467248908296942,0.008733624454148471,0.004366812227074236,0.008733624454148471,0.08296943231441048,0.008733624454148471,0.0,0.008733624454148471,0.008733624454148471,0.0,0.008733624454148471,0.0,0.0,0.013100436681222707,0.03056768558951965,0.004366812227074236,0.004366812227074236,0.013100436681222707,0.013100436681222707,0.0,0.017467248908296942,0.24017467248908297,0.03056768558951965,0.013100436681222707,0.026200873362445413,0.0,0.004366812227074236,0.20087336244541484,0.017467248908296942,0.11353711790393013,0.0,0.0,0.0,0.0,0.017467248908296942,0.008733624454148471,0.004366812227074236,0.008733624454148471,0.0,0.017467248908296942,0.008733624454148471,0.0,0.03056768558951965,0.0,0.048034934497816595,0.008733624454148471,0.013100436681222707,0.0,0.004366812227074236,0.0,0.0,0.0611353711790393,0.0,0.008733624454148471,0.013100436681222707,0.09170305676855896,0.0,0.0,0.004366812227074236,0.004366812227074236,0.0,0.043668122270742356,0.013100436681222707,0.004366812227074236,0.0,0.017467248908296942,0.008733624454148471,0.008733624454148471,0.0,0.0,0.004366812227074236,0.0,0.008733624454148471,0.0,0.004366812227074236,0.008733624454148471,0.0,0.008733624454148471,0.0,0.008733624454148471,0.03056768558951965,0.004366812227074236,0.008733624454148471,0.013100436681222707,0.008733624454148471,0.0,0.0,0.013100436681222707,0.004366812227074236,0.0,0.0,0.0,0.004366812227074236,0.0,0.0,0.0,0.0,0.0,0.008733624454148471,0.004366812227074236,0.0,0.004366812227074236,0.026200873362445413,0.0,0.0,0.008733624454148471,0.0,0.008733624454148471,0.004366812227074236,0.0,0.0,0.0,0.004366812227074236,0.0,0.0,0.004366812227074236,0.004366812227074236,0.03056768558951965,0.013100436681222707,0.0,0.021834061135371178,0.008733624454148471,0.09170305676855896,0.0,0.0,0.008733624454148471,0.008733624454148471,0.0,0.0,0.013100436681222707,0.004366812227074236,0.0,0.013100436681222707,0.004366812227074236,0.0,0.0,0.0,0.0,0.004366812227074236,0.03056768558951965,0.0,0.017467248908296942,0.0,0.004366812227074236,0.0,0.0,0.0,0.0,0.0,0.0,0.004366812227074236,0.0,0.0,0.008733624454148471,0.0,0.0,0.004366812227074236,0.017467248908296942,0.004366812227074236,0.0,0.0,0.004366812227074236,0.0,0.0,0.0,0.013100436681222707,0.0,0.0,0.004366812227074236,0.0,0.0,0.0,0.004366812227074236,0.004366812227074236,0.0,0.008733624454148471,0.03056768558951965,0.017467248908296942,0.004366812227074236,0.004366812227074236,0.0,0.004366812227074236,0.004366812227074236,0.0,0.021834061135371178,0.0,0.0,0.013100436681222707,0.0,0.0,0.008733624454148471,0.0,0.0,0.004366812227074236,0.0,0.0,0.0,0.0,0.004366812227074236,0.004366812227074236,0.0,0.004366812227074236,0.0,0.004366812227074236,0.0,0.0,0.0,0.004366812227074236,0.0,0.0,0.004366812227074236,0.013100436681222707,0.0,0.0,0.004366812227074236,0.004366812227074236,0.0,0.0,0.0,0.0,0.004366812227074236,0.0,0.004366812227074236,0.0,0.0,0.004366812227074236,0.004366812227074236,0.0,0.0,0.004366812227074236,0.0,0.0,0.004366812227074236,0.008733624454148471,0.0,0.0,0.0,0.0,0.0,0.0,0.0,0.0,0.0,0.0,0.0,0.0,0.0,0.004366812227074236,0.0,0.0,0.0,0.004366812227074236,0.0,0.008733624454148471,0.004366812227074236,0.0,0.0,0.0,0.004366812227074236,0.0,0.0,0.0,0.004366812227074236,0.0,0.0,0.0,0.0,0.0,0.0,0.0,0.0,0.0,0.0,0.0,0.004366812227074236,0.0,0.004366812227074236,0.008733624454148471,0.0,0.0,0.0,0.0,0.0,0.0,0.0,0.004366812227074236,0.004366812227074236,0.0,0.0,0.0,0.0,0.0,0.0,0.0,0.0,0.008733624454148471,0.004366812227074236,0.0,0.0,0.0,0.0,0.0,0.0,0.0,0.0,0.0,0.0,0.0,0.0,0.0,0.0,0.0,0.0,0.0,0.0,0.0,0.0
Summer 2020,0.019230769230769232,0.0,0.1971153846153846,0.028846153846153848,0.004807692307692308,0.0,0.02403846153846154,0.057692307692307696,0.014423076923076924,0.0673076923076923,0.009615384615384616,0.009615384615384616,0.0,0.052884615384615384,0.004807692307692308,0.009615384615384616,0.0,0.004807692307692308,0.019230769230769232,0.052884615384615384,0.004807692307692308,0.004807692307692308,0.009615384615384616,0.02403846153846154,0.004807692307692308,0.004807692307692308,0.0,0.0,0.019230769230769232,0.028846153846153848,0.009615384615384616,0.0,0.009615384615384616,0.019230769230769232,0.004807692307692308,0.009615384615384616,0.3317307692307692,0.038461538461538464,0.004807692307692308,0.02403846153846154,0.0,0.014423076923076924,0.27884615384615385,0.028846153846153848,0.11538461538461539,0.004807692307692308,0.0,0.0,0.0,0.02403846153846154,0.004807692307692308,0.0,0.019230769230769232,0.004807692307692308,0.004807692307692308,0.0,0.009615384615384616,0.03365384615384615,0.004807692307692308,0.03365384615384615,0.014423076923076924,0.004807692307692308,0.009615384615384616,0.004807692307692308,0.0,0.009615384615384616,0.0625,0.0,0.019230769230769232,0.009615384615384616,0.07211538461538461,0.004807692307692308,0.009615384615384616,0.0,0.019230769230769232,0.0,0.019230769230769232,0.004807692307692308,0.009615384615384616,0.0,0.014423076923076924,0.028846153846153848,0.009615384615384616,0.0,0.004807692307692308,0.004807692307692308,0.004807692307692308,0.004807692307692308,0.0,0.014423076923076924,0.019230769230769232,0.0,0.004807692307692308,0.0,0.019230769230769232,0.004807692307692308,0.009615384615384616,0.004807692307692308,0.019230769230769232,0.004807692307692308,0.0,0.0,0.02403846153846154,0.004807692307692308,0.0,0.0,0.0,0.009615384615384616,0.009615384615384616,0.0,0.0,0.0,0.0,0.014423076923076924,0.0,0.004807692307692308,0.0,0.004807692307692308,0.0,0.0,0.009615384615384616,0.004807692307692308,0.014423076923076924,0.0,0.0,0.0,0.0,0.014423076923076924,0.004807692307692308,0.0,0.0,0.0,0.009615384615384616,0.02403846153846154,0.004807692307692308,0.019230769230769232,0.0,0.0625,0.004807692307692308,0.004807692307692308,0.0,0.019230769230769232,0.004807692307692308,0.0,0.009615384615384616,0.004807692307692308,0.0,0.009615384615384616,0.03365384615384615,0.0,0.0,0.0,0.0,0.004807692307692308,0.03365384615384615,0.0,0.03365384615384615,0.004807692307692308,0.009615384615384616,0.0,0.0,0.0,0.0,0.0,0.0,0.004807692307692308,0.0,0.0,0.009615384615384616,0.0,0.0,0.0,0.004807692307692308,0.009615384615384616,0.0,0.0,0.0,0.0,0.0,0.0,0.004807692307692308,0.0,0.0,0.009615384615384616,0.009615384615384616,0.0,0.0,0.0,0.0,0.0,0.004807692307692308,0.0,0.009615384615384616,0.009615384615384616,0.0,0.0,0.0,0.0,0.0,0.004807692307692308,0.0,0.0,0.0,0.004807692307692308,0.0,0.004807692307692308,0.0,0.004807692307692308,0.009615384615384616,0.0,0.0,0.0,0.0,0.0,0.004807692307692308,0.0,0.0,0.0,0.0,0.004807692307692308,0.0,0.0,0.0,0.0,0.0,0.004807692307692308,0.009615384615384616,0.0,0.004807692307692308,0.0,0.0,0.0,0.0,0.0,0.0,0.004807692307692308,0.0,0.0,0.0,0.0,0.0,0.0,0.0,0.004807692307692308,0.0,0.0,0.0,0.0,0.0,0.0,0.0,0.0,0.0,0.0,0.0,0.009615384615384616,0.004807692307692308,0.004807692307692308,0.0,0.0,0.0,0.0,0.0,0.0,0.0,0.004807692307692308,0.0,0.004807692307692308,0.0,0.009615384615384616,0.0,0.0,0.0,0.004807692307692308,0.0,0.0,0.0,0.0,0.0,0.0,0.0,0.0,0.0,0.0,0.0,0.0,0.0,0.0,0.0,0.0,0.004807692307692308,0.0,0.004807692307692308,0.0,0.0,0.0,0.004807692307692308,0.0,0.0,0.0,0.0,0.004807692307692308,0.0,0.0,0.0,0.0,0.0,0.0,0.0,0.0,0.0,0.0,0.004807692307692308,0.004807692307692308,0.0,0.0,0.0,0.0,0.0,0.0,0.0,0.0,0.0,0.0,0.0,0.0,0.0,0.0,0.0,0.0,0.0,0.0
Winter 2021,0.0,0.002976190476190476,0.17261904761904762,0.023809523809523808,0.002976190476190476,0.008928571428571428,0.023809523809523808,0.03869047619047619,0.011904761904761904,0.05654761904761905,0.005952380952380952,0.011904761904761904,0.0,0.041666666666666664,0.020833333333333332,0.020833333333333332,0.0,0.002976190476190476,0.011904761904761904,0.05952380952380952,0.011904761904761904,0.005952380952380952,0.01488095238095238,0.011904761904761904,0.005952380952380952,0.008928571428571428,0.002976190476190476,0.002976190476190476,0.01488095238095238,0.005952380952380952,0.0,0.005952380952380952,0.020833333333333332,0.005952380952380952,0.002976190476190476,0.002976190476190476,0.28273809523809523,0.03273809523809524,0.01488095238095238,0.023809523809523808,0.005952380952380952,0.011904761904761904,0.23214285714285715,0.026785714285714284,0.10119047619047619,0.002976190476190476,0.0,0.005952380952380952,0.0,0.002976190476190476,0.002976190476190476,0.002976190476190476,0.017857142857142856,0.002976190476190476,0.008928571428571428,0.002976190476190476,0.0,0.020833333333333332,0.005952380952380952,0.023809523809523808,0.005952380952380952,0.002976190476190476,0.0,0.008928571428571428,0.005952380952380952,0.011904761904761904,0.02976190476190476,0.0,0.011904761904761904,0.01488095238095238,0.0744047619047619,0.0,0.002976190476190476,0.002976190476190476,0.005952380952380952,0.0,0.01488095238095238,0.011904761904761904,0.008928571428571428,0.0,0.020833333333333332,0.011904761904761904,0.0,0.0,0.0,0.008928571428571428,0.002976190476190476,0.01488095238095238,0.0,0.002976190476190476,0.01488095238095238,0.0,0.002976190476190476,0.002976190476190476,0.02976190476190476,0.026785714285714284,0.005952380952380952,0.011904761904761904,0.01488095238095238,0.002976190476190476,0.0,0.008928571428571428,0.041666666666666664,0.005952380952380952,0.0,0.005952380952380952,0.0,0.002976190476190476,0.002976190476190476,0.005952380952380952,0.008928571428571428,0.002976190476190476,0.0,0.020833333333333332,0.008928571428571428,0.0,0.0,0.01488095238095238,0.0,0.0,0.005952380952380952,0.0,0.03571428571428571,0.011904761904761904,0.005952380952380952,0.0,0.0,0.01488095238095238,0.0,0.0,0.0,0.005952380952380952,0.03273809523809524,0.017857142857142856,0.0,0.03869047619047619,0.0,0.12202380952380952,0.0,0.0,0.005952380952380952,0.005952380952380952,0.002976190476190476,0.005952380952380952,0.008928571428571428,0.026785714285714284,0.0,0.008928571428571428,0.02976190476190476,0.002976190476190476,0.005952380952380952,0.0,0.002976190476190476,0.002976190476190476,0.03869047619047619,0.002976190476190476,0.01488095238095238,0.005952380952380952,0.005952380952380952,0.0,0.0,0.005952380952380952,0.0,0.005952380952380952,0.005952380952380952,0.002976190476190476,0.0,0.0,0.01488095238095238,0.0,0.0,0.0,0.0,0.011904761904761904,0.005952380952380952,0.0,0.011904761904761904,0.0,0.002976190476190476,0.0,0.0,0.0,0.005952380952380952,0.011904761904761904,0.005952380952380952,0.002976190476190476,0.0,0.0,0.0,0.002976190476190476,0.005952380952380952,0.008928571428571428,0.002976190476190476,0.0,0.002976190476190476,0.0,0.005952380952380952,0.0,0.002976190476190476,0.002976190476190476,0.0,0.002976190476190476,0.008928571428571428,0.002976190476190476,0.0,0.002976190476190476,0.0,0.005952380952380952,0.002976190476190476,0.0,0.0,0.002976190476190476,0.005952380952380952,0.011904761904761904,0.005952380952380952,0.0,0.0,0.0,0.0,0.0,0.0,0.0,0.005952380952380952,0.0,0.0,0.005952380952380952,0.008928571428571428,0.0,0.008928571428571428,0.0,0.005952380952380952,0.0,0.0,0.002976190476190476,0.0,0.005952380952380952,0.002976190476190476,0.0,0.0,0.002976190476190476,0.0,0.002976190476190476,0.0,0.005952380952380952,0.0,0.002976190476190476,0.002976190476190476,0.0,0.002976190476190476,0.0,0.0,0.005952380952380952,0.0,0.0,0.002976190476190476,0.0,0.011904761904761904,0.002976190476190476,0.0,0.0,0.0,0.002976190476190476,0.002976190476190476,0.0,0.0,0.0,0.011904761904761904,0.0,0.017857142857142856,0.0,0.005952380952380952,0.0,0.0,0.005952380952380952,0.0,0.0,0.002976190476190476,0.0,0.0,0.0,0.0,0.0,0.0,0.0,0.0,0.002976190476190476,0.002976190476190476,0.0,0.0,0.0,0.002976190476190476,0.0,0.005952380952380952,0.0,0.0,0.0,0.0,0.0,0.005952380952380952,0.0,0.002976190476190476,0.0,0.0,0.0,0.0,0.0,0.0,0.0,0.0,0.0,0.0,0.0,0.0,0.0,0.005952380952380952,0.002976190476190476,0.002976190476190476,0.0,0.0,0.0,0.0,0.0,0.0,0.0,0.0,0.0,0.0,0.0,0.0,0.0,0.0,0.0
Summer 2021,0.0076726342710997444,0.0,0.2071611253196931,0.030690537084398978,0.0,0.015345268542199489,0.030690537084398978,0.020460358056265986,0.010230179028132993,0.0639386189258312,0.0025575447570332483,0.010230179028132993,0.0025575447570332483,0.04603580562659847,0.030690537084398978,0.015345268542199489,0.005115089514066497,0.0025575447570332483,0.01278772378516624,0.08439897698209718,0.0025575447570332483,0.0076726342710997444,0.017902813299232736,0.010230179028132993,0.0025575447570332483,0.005115089514066497,0.005115089514066497,0.0025575447570332483,0.005115089514066497,0.0025575447570332483,0.005115089514066497,0.0025575447570332483,0.005115089514066497,0.02557544757033248,0.0025575447570332483,0.017902813299232736,0.3069053708439898,0.03836317135549872,0.01278772378516624,0.017902813299232736,0.0025575447570332483,0.0076726342710997444,0.2608695652173913,0.03580562659846547,0.08439897698209718,0.0025575447570332483,0.0,0.0,0.0,0.005115089514066497,0.0,0.0,0.015345268542199489,0.0,0.01278772378516624,0.01278772378516624,0.0025575447570332483,0.023017902813299233,0.0025575447570332483,0.02557544757033248,0.0076726342710997444,0.0076726342710997444,0.0,0.0025575447570332483,0.0,0.005115089514066497,0.05370843989769821,0.0,0.010230179028132993,0.017902813299232736,0.09207161125319693,0.0076726342710997444,0.0025575447570332483,0.0025575447570332483,0.0025575447570332483,0.0,0.03836317135549872,0.01278772378516624,0.0025575447570332483,0.0,0.020460358056265986,0.020460358056265986,0.0025575447570332483,0.0,0.0025575447570332483,0.005115089514066497,0.0025575447570332483,0.0076726342710997444,0.0,0.005115089514066497,0.010230179028132993,0.005115089514066497,0.010230179028132993,0.0076726342710997444,0.020460358056265986,0.0076726342710997444,0.010230179028132993,0.0025575447570332483,0.017902813299232736,0.0025575447570332483,0.0,0.0,0.030690537084398978,0.0,0.0,0.0025575447570332483,0.010230179028132993,0.0025575447570332483,0.017902813299232736,0.005115089514066497,0.0076726342710997444,0.0,0.0,0.023017902813299233,0.0025575447570332483,0.0025575447570332483,0.0,0.023017902813299233,0.0,0.0,0.0076726342710997444,0.0,0.020460358056265986,0.0,0.005115089514066497,0.0,0.0076726342710997444,0.0025575447570332483,0.0,0.0,0.0025575447570332483,0.0,0.0076726342710997444,0.010230179028132993,0.0,0.05370843989769821,0.005115089514066497,0.11253196930946291,0.0025575447570332483,0.0,0.0076726342710997444,0.030690537084398978,0.0,0.0,0.005115089514066497,0.010230179028132993,0.0,0.020460358056265986,0.02557544757033248,0.0,0.0,0.0,0.0,0.0025575447570332483,0.04859335038363171,0.0,0.03580562659846547,0.0,0.0025575447570332483,0.0,0.0,0.0025575447570332483,0.0,0.0025575447570332483,0.0025575447570332483,0.010230179028132993,0.0,0.0,0.0,0.0,0.0,0.0,0.010230179028132993,0.005115089514066497,0.0025575447570332483,0.0,0.005115089514066497,0.0,0.005115089514066497,0.0025575447570332483,0.0076726342710997444,0.0,0.010230179028132993,0.0076726342710997444,0.01278772378516624,0.0076726342710997444,0.0,0.005115089514066497,0.0,0.0,0.0025575447570332483,0.0,0.017902813299232736,0.005115089514066497,0.0025575447570332483,0.0,0.010230179028132993,0.0,0.0025575447570332483,0.010230179028132993,0.0,0.0025575447570332483,0.005115089514066497,0.0025575447570332483,0.005115089514066497,0.0,0.0,0.0025575447570332483,0.0076726342710997444,0.0,0.0025575447570332483,0.005115089514066497,0.010230179028132993,0.0025575447570332483,0.0,0.005115089514066497,0.0076726342710997444,0.0,0.0,0.0,0.0,0.0,0.0076726342710997444,0.0,0.0,0.0,0.0025575447570332483,0.0,0.01278772378516624,0.0,0.0076726342710997444,0.0,0.0025575447570332483,0.0,0.005115089514066497,0.0,0.005115089514066497,0.0,0.0,0.005115089514066497,0.0025575447570332483,0.0,0.0,0.005115089514066497,0.0,0.0,0.0,0.0,0.0025575447570332483,0.0025575447570332483,0.0,0.0,0.0,0.0,0.0,0.0,0.005115089514066497,0.0,0.0025575447570332483,0.0,0.0025575447570332483,0.0,0.0025575447570332483,0.0,0.0,0.0025575447570332483,0.0025575447570332483,0.0,0.0076726342710997444,0.0,0.0025575447570332483,0.0025575447570332483,0.0,0.010230179028132993,0.0,0.005115089514066497,0.0,0.0,0.0025575447570332483,0.0,0.0,0.0,0.0,0.0,0.0,0.0,0.0025575447570332483,0.0,0.0,0.0025575447570332483,0.0025575447570332483,0.0,0.0076726342710997444,0.0,0.0,0.0,0.005115089514066497,0.0,0.0025575447570332483,0.0,0.0,0.0,0.0025575447570332483,0.0,0.0025575447570332483,0.0025575447570332483,0.005115089514066497,0.0,0.0,0.0,0.0,0.0,0.0,0.0,0.0,0.0025575447570332483,0.0,0.0025575447570332483,0.0025575447570332483,0.0025575447570332483,0.0,0.0,0.0,0.0,0.0,0.0,0.0,0.0,0.0,0.0,0.0,0.0
Winter 2022,0.005025125628140704,0.0,0.23366834170854273,0.03015075376884422,0.002512562814070352,0.007537688442211055,0.04271356783919598,0.02763819095477387,0.017587939698492462,0.06281407035175879,0.0,0.03015075376884422,0.005025125628140704,0.020100502512562814,0.007537688442211055,0.005025125628140704,0.010050251256281407,0.0,0.002512562814070352,0.08040201005025126,0.022613065326633167,0.010050251256281407,0.02763819095477387,0.022613065326633167,0.005025125628140704,0.010050251256281407,0.0,0.0,0.022613065326633167,0.01507537688442211,0.002512562814070352,0.002512562814070352,0.007537688442211055,0.005025125628140704,0.002512562814070352,0.002512562814070352,0.26884422110552764,0.05025125628140704,0.01507537688442211,0.04271356783919598,0.002512562814070352,0.017587939698492462,0.2562814070351759,0.04522613065326633,0.08542713567839195,0.002512562814070352,0.0,0.005025125628140704,0.002512562814070352,0.017587939698492462,0.0,0.005025125628140704,0.02512562814070352,0.002512562814070352,0.01256281407035176,0.01507537688442211,0.002512562814070352,0.03015075376884422,0.01256281407035176,0.03015075376884422,0.0,0.002512562814070352,0.002512562814070352,0.002512562814070352,0.005025125628140704,0.007537688442211055,0.06281407035175879,0.0,0.007537688442211055,0.032663316582914576,0.1407035175879397,0.0,0.002512562814070352,0.0,0.007537688442211055,0.005025125628140704,0.02512562814070352,0.002512562814070352,0.005025125628140704,0.002512562814070352,0.035175879396984924,0.01256281407035176,0.007537688442211055,0.0,0.002512562814070352,0.0,0.0,0.020100502512562814,0.0,0.0,0.02512562814070352,0.002512562814070352,0.0,0.0,0.02763819095477387,0.01256281407035176,0.017587939698492462,0.002512562814070352,0.017587939698492462,0.005025125628140704,0.0,0.0,0.10050251256281408,0.002512562814070352,0.0,0.007537688442211055,0.002512562814070352,0.0,0.005025125628140704,0.002512562814070352,0.007537688442211055,0.0,0.0,0.04020100502512563,0.005025125628140704,0.0,0.002512562814070352,0.03015075376884422,0.0,0.0,0.005025125628140704,0.002512562814070352,0.010050251256281407,0.002512562814070352,0.007537688442211055,0.002512562814070352,0.0,0.010050251256281407,0.0,0.0,0.0,0.002512562814070352,0.03015075376884422,0.01507537688442211,0.0,0.02763819095477387,0.002512562814070352,0.12562814070351758,0.002512562814070352,0.0,0.002512562814070352,0.017587939698492462,0.0,0.007537688442211055,0.005025125628140704,0.01256281407035176,0.0,0.01507537688442211,0.032663316582914576,0.0,0.0,0.0,0.002512562814070352,0.0,0.05025125628140704,0.0,0.03015075376884422,0.005025125628140704,0.0,0.0,0.0,0.0,0.0,0.005025125628140704,0.0,0.010050251256281407,0.0,0.0,0.0,0.0,0.0,0.0,0.005025125628140704,0.017587939698492462,0.007537688442211055,0.0,0.010050251256281407,0.0,0.002512562814070352,0.0,0.005025125628140704,0.005025125628140704,0.007537688442211055,0.032663316582914576,0.007537688442211055,0.01256281407035176,0.0,0.002512562814070352,0.0,0.0,0.01507537688442211,0.010050251256281407,0.010050251256281407,0.0,0.005025125628140704,0.0,0.005025125628140704,0.0,0.010050251256281407,0.010050251256281407,0.0,0.002512562814070352,0.010050251256281407,0.002512562814070352,0.007537688442211055,0.005025125628140704,0.0,0.0,0.0,0.0,0.0,0.0,0.002512562814070352,0.007537688442211055,0.0,0.0,0.002512562814070352,0.0,0.0,0.0,0.0,0.0,0.010050251256281407,0.0,0.0,0.0,0.0,0.0,0.010050251256281407,0.0,0.002512562814070352,0.0,0.0,0.0,0.002512562814070352,0.0,0.005025125628140704,0.0,0.0,0.005025125628140704,0.0,0.0,0.002512562814070352,0.005025125628140704,0.0,0.0,0.002512562814070352,0.0,0.0,0.0,0.005025125628140704,0.007537688442211055,0.0,0.0,0.007537688442211055,0.0,0.005025125628140704,0.005025125628140704,0.0,0.002512562814070352,0.002512562814070352,0.002512562814070352,0.002512562814070352,0.0,0.0,0.0,0.002512562814070352,0.002512562814070352,0.01507537688442211,0.0,0.0,0.005025125628140704,0.0,0.0,0.0,0.005025125628140704,0.0,0.002512562814070352,0.0,0.0,0.005025125628140704,0.0,0.0,0.002512562814070352,0.0,0.0,0.0,0.0,0.0,0.0,0.002512562814070352,0.005025125628140704,0.005025125628140704,0.0,0.0,0.0,0.007537688442211055,0.0,0.010050251256281407,0.0,0.0,0.0,0.007537688442211055,0.0,0.0,0.002512562814070352,0.0,0.0,0.0,0.0,0.0,0.002512562814070352,0.0,0.0,0.0,0.002512562814070352,0.0,0.005025125628140704,0.002512562814070352,0.0,0.002512562814070352,0.005025125628140704,0.002512562814070352,0.002512562814070352,0.002512562814070352,0.002512562814070352,0.002512562814070352,0.002512562814070352,0.005025125628140704,0.0,0.0,0.0
Summer 2022,0.0,0.0,0.2264957264957265,0.05982905982905983,0.0,0.008547008547008548,0.04700854700854701,0.05555555555555555,0.021367521367521368,0.029914529914529916,0.0,0.017094017094017096,0.0,0.01282051282051282,0.008547008547008548,0.008547008547008548,0.004273504273504274,0.0,0.01282051282051282,0.021367521367521368,0.03418803418803419,0.008547008547008548,0.017094017094017096,0.04700854700854701,0.0,0.0,0.0,0.0,0.021367521367521368,0.008547008547008548,0.01282051282051282,0.0,0.0,0.0,0.0,0.004273504273504274,0.2905982905982906,0.03418803418803419,0.0,0.0641025641025641,0.0,0.017094017094017096,0.37606837606837606,0.0641025641025641,0.10256410256410256,0.0,0.0,0.0,0.0,0.004273504273504274,0.0,0.0,0.008547008547008548,0.0,0.01282051282051282,0.008547008547008548,0.0,0.029914529914529916,0.008547008547008548,0.03418803418803419,0.0,0.008547008547008548,0.0,0.01282051282051282,0.004273504273504274,0.01282051282051282,0.04700854700854701,0.0,0.008547008547008548,0.05555555555555555,0.18376068376068377,0.004273504273504274,0.004273504273504274,0.0,0.008547008547008548,0.0,0.03418803418803419,0.004273504273504274,0.0,0.008547008547008548,0.029914529914529916,0.008547008547008548,0.008547008547008548,0.0,0.004273504273504274,0.004273504273504274,0.004273504273504274,0.021367521367521368,0.0,0.0,0.01282051282051282,0.004273504273504274,0.0,0.0,0.008547008547008548,0.01282051282051282,0.01282051282051282,0.01282051282051282,0.017094017094017096,0.004273504273504274,0.0,0.0,0.07692307692307693,0.004273504273504274,0.0,0.0,0.0,0.0,0.017094017094017096,0.004273504273504274,0.004273504273504274,0.0,0.0,0.05555555555555555,0.008547008547008548,0.0,0.0,0.042735042735042736,0.0,0.0,0.008547008547008548,0.004273504273504274,0.004273504273504274,0.0,0.004273504273504274,0.0,0.0,0.0,0.0,0.0,0.0,0.0,0.03418803418803419,0.017094017094017096,0.0,0.008547008547008548,0.004273504273504274,0.20085470085470086,0.0,0.0,0.0,0.01282051282051282,0.0,0.0,0.021367521367521368,0.004273504273504274,0.0,0.004273504273504274,0.02564102564102564,0.0,0.0,0.0,0.008547008547008548,0.0,0.029914529914529916,0.0,0.09401709401709402,0.0,0.004273504273504274,0.0,0.0,0.0,0.0,0.008547008547008548,0.0,0.017094017094017096,0.0,0.0,0.004273504273504274,0.0,0.0,0.0,0.01282051282051282,0.03418803418803419,0.017094017094017096,0.0,0.017094017094017096,0.004273504273504274,0.0,0.0,0.0,0.0,0.008547008547008548,0.029914529914529916,0.01282051282051282,0.008547008547008548,0.0,0.004273504273504274,0.0,0.0,0.008547008547008548,0.0,0.029914529914529916,0.0,0.004273504273504274,0.0,0.004273504273504274,0.004273504273504274,0.008547008547008548,0.01282051282051282,0.0,0.004273504273504274,0.004273504273504274,0.01282051282051282,0.008547008547008548,0.004273504273504274,0.0,0.0,0.004273504273504274,0.004273504273504274,0.008547008547008548,0.0,0.004273504273504274,0.008547008547008548,0.004273504273504274,0.0,0.0,0.0,0.0,0.0,0.0,0.0,0.008547008547008548,0.0,0.0,0.0,0.008547008547008548,0.0,0.004273504273504274,0.0,0.01282051282051282,0.0,0.0,0.0,0.0,0.008547008547008548,0.004273504273504274,0.004273504273504274,0.0,0.0,0.004273504273504274,0.0,0.0,0.0,0.004273504273504274,0.0,0.0,0.0,0.008547008547008548,0.0,0.0,0.008547008547008548,0.0,0.0,0.008547008547008548,0.0,0.008547008547008548,0.0,0.0,0.004273504273504274,0.0,0.0,0.008547008547008548,0.0,0.0,0.004273504273504274,0.008547008547008548,0.0,0.01282051282051282,0.0,0.0,0.0,0.0,0.004273504273504274,0.0,0.004273504273504274,0.0,0.0,0.0,0.004273504273504274,0.004273504273504274,0.004273504273504274,0.004273504273504274,0.0,0.0,0.0,0.0,0.0,0.0,0.004273504273504274,0.004273504273504274,0.0,0.004273504273504274,0.0,0.0,0.0,0.008547008547008548,0.0,0.01282051282051282,0.0,0.0,0.0,0.0,0.0,0.004273504273504274,0.0,0.0,0.0,0.0,0.0,0.0,0.0,0.0,0.0,0.0,0.0,0.0,0.008547008547008548,0.0,0.0,0.0,0.0,0.0,0.0,0.0,0.0,0.0,0.004273504273504274,0.0,0.0,0.0,0.0
Winter 2023,0.01824817518248175,0.0072992700729927005,0.12773722627737227,0.043795620437956206,0.0,0.014598540145985401,0.058394160583941604,0.072992700729927,0.029197080291970802,0.029197080291970802,0.0036496350364963502,0.021897810218978103,0.0,0.0072992700729927005,0.0,0.0,0.010948905109489052,0.0,0.010948905109489052,0.0364963503649635,0.01824817518248175,0.01824817518248175,0.014598540145985401,0.05474452554744526,0.0,0.0,0.0,0.0036496350364963502,0.0072992700729927005,0.0036496350364963502,0.0,0.010948905109489052,0.014598540145985401,0.0,0.0036496350364963502,0.0072992700729927005,0.31386861313868614,0.04744525547445255,0.0036496350364963502,0.051094890510948905,0.0,0.0072992700729927005,0.35766423357664234,0.04744525547445255,0.17883211678832117,0.0,0.0,0.0072992700729927005,0.0,0.0072992700729927005,0.0,0.0,0.0,0.0036496350364963502,0.04744525547445255,0.01824817518248175,0.0036496350364963502,0.021897810218978103,0.014598540145985401,0.0364963503649635,0.0072992700729927005,0.01824817518248175,0.0036496350364963502,0.014598540145985401,0.0036496350364963502,0.0072992700729927005,0.043795620437956206,0.0036496350364963502,0.01824817518248175,0.0364963503649635,0.22627737226277372,0.0,0.0,0.0,0.0072992700729927005,0.0,0.025547445255474453,0.0036496350364963502,0.0,0.0036496350364963502,0.025547445255474453,0.0036496350364963502,0.0072992700729927005,0.0,0.0036496350364963502,0.0036496350364963502,0.0,0.010948905109489052,0.0,0.014598540145985401,0.0072992700729927005,0.0072992700729927005,0.0072992700729927005,0.0,0.0072992700729927005,0.0036496350364963502,0.0072992700729927005,0.025547445255474453,0.014598540145985401,0.0,0.0,0.0036496350364963502,0.043795620437956206,0.0,0.0072992700729927005,0.0036496350364963502,0.0036496350364963502,0.0,0.010948905109489052,0.0036496350364963502,0.0,0.0,0.0,0.01824817518248175,0.0,0.0,0.0,0.06204379562043796,0.0,0.0,0.0036496350364963502,0.0,0.0072992700729927005,0.0036496350364963502,0.025547445255474453,0.0,0.0,0.0072992700729927005,0.0,0.0,0.0,0.0,0.01824817518248175,0.0072992700729927005,0.0,0.010948905109489052,0.0036496350364963502,0.22262773722627738,0.0,0.0,0.0036496350364963502,0.0,0.0,0.0,0.01824817518248175,0.0072992700729927005,0.0,0.0072992700729927005,0.014598540145985401,0.0,0.0,0.0,0.0,0.0,0.029197080291970802,0.0,0.17883211678832117,0.0036496350364963502,0.0,0.0,0.0,0.0,0.0,0.0036496350364963502,0.0,0.010948905109489052,0.0,0.0,0.0036496350364963502,0.0,0.0,0.0,0.0072992700729927005,0.021897810218978103,0.0,0.0,0.0036496350364963502,0.0,0.0036496350364963502,0.0,0.0,0.0,0.0,0.010948905109489052,0.0036496350364963502,0.01824817518248175,0.0,0.0,0.0,0.0,0.0,0.0036496350364963502,0.0072992700729927005,0.0,0.010948905109489052,0.0,0.0,0.0,0.0,0.010948905109489052,0.0,0.0072992700729927005,0.010948905109489052,0.0072992700729927005,0.0072992700729927005,0.0036496350364963502,0.0,0.0,0.010948905109489052,0.0,0.0072992700729927005,0.0,0.0,0.0036496350364963502,0.0,0.0,0.0,0.0,0.0,0.0,0.0,0.0,0.014598540145985401,0.0,0.0,0.0,0.0,0.0,0.021897810218978103,0.0,0.0036496350364963502,0.0,0.0,0.0036496350364963502,0.0036496350364963502,0.0,0.0072992700729927005,0.0,0.0,0.0036496350364963502,0.0,0.0,0.0072992700729927005,0.0036496350364963502,0.0072992700729927005,0.0,0.0036496350364963502,0.0,0.0,0.0,0.0,0.025547445255474453,0.0,0.0,0.0072992700729927005,0.0,0.0,0.0036496350364963502,0.0036496350364963502,0.0036496350364963502,0.0,0.0,0.0036496350364963502,0.0,0.0,0.0,0.0072992700729927005,0.0,0.021897810218978103,0.0,0.0,0.0,0.0,0.0,0.0,0.0,0.0,0.0,0.0,0.0,0.0,0.0,0.0,0.0,0.0,0.0,0.0,0.0,0.0,0.0,0.0036496350364963502,0.0,0.0036496350364963502,0.0,0.0,0.0,0.0072992700729927005,0.0,0.0,0.0,0.0,0.0,0.0,0.0,0.0,0.0036496350364963502,0.0,0.0,0.0,0.0,0.0,0.0,0.0,0.0,0.0,0.0,0.0,0.0,0.0,0.0,0.0,0.0036496350364963502,0.0,0.0036496350364963502,0.0,0.0,0.0,0.0,0.0,0.0,0.0,0.0
Summer 2023,0.0136986301369863,0.0045662100456621,0.1004566210045662,0.0273972602739726,0.0,0.0045662100456621,0.045662100456621,0.0502283105022831,0.0502283105022831,0.0091324200913242,0.0045662100456621,0.045662100456621,0.0,0.0182648401826484,0.0,0.0136986301369863,0.0091324200913242,0.0,0.0136986301369863,0.0136986301369863,0.0136986301369863,0.0,0.0136986301369863,0.0319634703196347,0.0,0.0091324200913242,0.0,0.0045662100456621,0.0091324200913242,0.0,0.0,0.0045662100456621,0.0091324200913242,0.0136986301369863,0.0136986301369863,0.0045662100456621,0.1963470319634703,0.091324200913242,0.0,0.045662100456621,0.0045662100456621,0.0,0.2374429223744292,0.0319634703196347,0.1461187214611872,0.0,0.0,0.0045662100456621,0.0,0.0091324200913242,0.0,0.0,0.0045662100456621,0.0045662100456621,0.0228310502283105,0.0045662100456621,0.0228310502283105,0.0228310502283105,0.0045662100456621,0.0547945205479452,0.0,0.0136986301369863,0.0,0.0045662100456621,0.0136986301369863,0.0091324200913242,0.0502283105022831,0.0,0.0136986301369863,0.0502283105022831,0.2831050228310502,0.0091324200913242,0.0228310502283105,0.0,0.0045662100456621,0.0,0.0273972602739726,0.0045662100456621,0.0,0.0045662100456621,0.0136986301369863,0.0045662100456621,0.0045662100456621,0.0,0.0091324200913242,0.0045662100456621,0.0,0.0091324200913242,0.0,0.0182648401826484,0.0182648401826484,0.0091324200913242,0.0228310502283105,0.0,0.0091324200913242,0.0,0.0136986301369863,0.0319634703196347,0.0182648401826484,0.0045662100456621,0.0,0.0,0.0365296803652968,0.0,0.0,0.0045662100456621,0.0045662100456621,0.0,0.0045662100456621,0.0182648401826484,0.0,0.0,0.0,0.0045662100456621,0.0,0.0,0.0045662100456621,0.0593607305936073,0.0,0.0,0.0045662100456621,0.0,0.0045662100456621,0.0091324200913242,0.0,0.0,0.0,0.0,0.0,0.0,0.0,0.0,0.0319634703196347,0.0182648401826484,0.0,0.0228310502283105,0.0,0.3378995433789954,0.0,0.0,0.0,0.0136986301369863,0.0045662100456621,0.0,0.0228310502283105,0.0045662100456621,0.0,0.0,0.0273972602739726,0.0,0.0,0.0,0.0,0.0,0.0228310502283105,0.0,0.1324200913242009,0.0,0.0,0.0,0.0,0.0,0.0,0.0,0.0,0.0091324200913242,0.0,0.0,0.0091324200913242,0.0,0.0,0.0,0.0045662100456621,0.0273972602739726,0.0,0.0,0.0182648401826484,0.0,0.0045662100456621,0.0,0.0,0.0,0.0091324200913242,0.0136986301369863,0.0045662100456621,0.0273972602739726,0.0045662100456621,0.0,0.0,0.0045662100456621,0.0045662100456621,0.0045662100456621,0.0045662100456621,0.0,0.0136986301369863,0.0,0.0,0.0,0.0,0.0,0.0045662100456621,0.0045662100456621,0.0,0.0,0.0,0.0045662100456621,0.0,0.0045662100456621,0.0136986301369863,0.0045662100456621,0.0,0.0,0.0,0.0045662100456621,0.0,0.0,0.0,0.0,0.0,0.0,0.0,0.0,0.0045662100456621,0.0,0.0,0.0,0.0045662100456621,0.0,0.0136986301369863,0.0,0.0045662100456621,0.0,0.0,0.0,0.0,0.0,0.0045662100456621,0.0,0.0045662100456621,0.0,0.0,0.0,0.0,0.0,0.0,0.0,0.0045662100456621,0.0,0.0,0.0,0.0,0.0091324200913242,0.0,0.0045662100456621,0.0,0.0,0.0410958904109589,0.0,0.0,0.0,0.0,0.0,0.0,0.0,0.0,0.0,0.0136986301369863,0.0045662100456621,0.0547945205479452,0.0,0.0,0.0,0.0,0.0,0.0,0.0136986301369863,0.0,0.0,0.0,0.0,0.0,0.0,0.0045662100456621,0.0,0.0,0.0,0.0,0.0,0.0,0.0,0.0045662100456621,0.0,0.0136986301369863,0.0,0.0,0.0,0.0091324200913242,0.0,0.0,0.0,0.0,0.0,0.0045662100456621,0.0,0.0045662100456621,0.0,0.0,0.0,0.0,0.0,0.0,0.0,0.0,0.0091324200913242,0.0,0.0,0.0,0.0136986301369863,0.0091324200913242,0.0,0.0,0.0045662100456621,0.0,0.0,0.0,0.0045662100456621,0.0,0.0,0.0,0.0,0.0,0.0
Winter 2024,0.004016064257028112,0.008032128514056224,0.07228915662650602,0.040160642570281124,0.0,0.0,0.0321285140562249,0.04819277108433735,0.03614457831325301,0.008032128514056224,0.008032128514056224,0.0321285140562249,0.0,0.01606425702811245,0.0,0.008032128514056224,0.004016064257028112,0.012048192771084338,0.01606425702811245,0.024096385542168676,0.008032128514056224,0.004016064257028112,0.024096385542168676,0.0321285140562249,0.004016064257028112,0.012048192771084338,0.0,0.0,0.008032128514056224,0.004016064257028112,0.0,0.004016064257028112,0.008032128514056224,0.008032128514056224,0.004016064257028112,0.004016064257028112,0.1285140562248996,0.05220883534136546,0.0,0.024096385542168676,0.0,0.004016064257028112,0.2289156626506024,0.01606425702811245,0.12048192771084337,0.0,0.0,0.012048192771084338,0.0,0.012048192771084338,0.0,0.008032128514056224,0.004016064257028112,0.012048192771084338,0.020080321285140562,0.012048192771084338,0.01606425702811245,0.020080321285140562,0.008032128514056224,0.024096385542168676,0.008032128514056224,0.004016064257028112,0.0,0.01606425702811245,0.012048192771084338,0.012048192771084338,0.024096385542168676,0.0,0.028112449799196786,0.04819277108433735,0.3253012048192771,0.004016064257028112,0.012048192771084338,0.0,0.0,0.0,0.024096385542168676,0.0,0.0,0.01606425702811245,0.012048192771084338,0.0,0.0,0.0,0.008032128514056224,0.012048192771084338,0.0,0.020080321285140562,0.0,0.020080321285140562,0.012048192771084338,0.004016064257028112,0.004016064257028112,0.0,0.008032128514056224,0.020080321285140562,0.012048192771084338,0.04819277108433735,0.008032128514056224,0.004016064257028112,0.0,0.012048192771084338,0.06827309236947791,0.0,0.0,0.0,0.0,0.0,0.012048192771084338,0.004016064257028112,0.004016064257028112,0.0,0.0,0.004016064257028112,0.0,0.0,0.0,0.08032128514056225,0.0,0.0,0.0,0.0,0.0,0.004016064257028112,0.004016064257028112,0.0,0.004016064257028112,0.0,0.004016064257028112,0.0,0.0,0.0,0.024096385542168676,0.012048192771084338,0.0,0.01606425702811245,0.004016064257028112,0.3413654618473896,0.0,0.0,0.004016064257028112,0.004016064257028112,0.004016064257028112,0.0,0.03614457831325301,0.004016064257028112,0.0,0.0,0.0321285140562249,0.004016064257028112,0.0,0.0,0.0,0.0,0.008032128514056224,0.0,0.07630522088353414,0.008032128514056224,0.0,0.0,0.0,0.0,0.0,0.004016064257028112,0.004016064257028112,0.012048192771084338,0.0,0.0,0.004016064257028112,0.0,0.0,0.0,0.012048192771084338,0.020080321285140562,0.004016064257028112,0.0,0.004016064257028112,0.0,0.0,0.004016064257028112,0.0,0.0,0.008032128514056224,0.008032128514056224,0.004016064257028112,0.004016064257028112,0.0,0.0,0.0,0.0,0.0,0.0,0.020080321285140562,0.0,0.028112449799196786,0.0,0.0,0.0,0.0,0.004016064257028112,0.0,0.004016064257028112,0.012048192771084338,0.01606425702811245,0.004016064257028112,0.0,0.0,0.004016064257028112,0.008032128514056224,0.004016064257028112,0.004016064257028112,0.0,0.0,0.004016064257028112,0.0,0.0,0.0,0.0,0.0,0.0,0.0,0.0,0.0,0.0,0.0,0.0,0.004016064257028112,0.004016064257028112,0.008032128514056224,0.0,0.012048192771084338,0.004016064257028112,0.0,0.004016064257028112,0.0,0.004016064257028112,0.01606425702811245,0.0,0.0,0.0,0.0,0.0,0.012048192771084338,0.0,0.0,0.0,0.004016064257028112,0.0,0.0,0.0,0.0,0.01606425702811245,0.0,0.0,0.0,0.0,0.004016064257028112,0.004016064257028112,0.0,0.0,0.004016064257028112,0.0,0.0,0.0,0.0,0.0,0.0,0.004016064257028112,0.03614457831325301,0.0,0.0,0.004016064257028112,0.0,0.0,0.0,0.004016064257028112,0.0,0.0,0.0,0.0,0.0,0.0,0.0,0.0,0.0,0.0,0.0,0.004016064257028112,0.0,0.0,0.0,0.0,0.004016064257028112,0.0,0.0,0.0,0.004016064257028112,0.0,0.0,0.0,0.0,0.0,0.0,0.0,0.0,0.004016064257028112,0.0,0.0,0.0,0.0,0.0,0.004016064257028112,0.0,0.004016064257028112,0.0,0.0,0.0,0.020080321285140562,0.0,0.0,0.0,0.0,0.0,0.0,0.0,0.0,0.004016064257028112,0.004016064257028112,0.0,0.0,0.0,0.0
Summer 2024,0.012096774193548387,0.004032258064516129,0.08870967741935484,0.05241935483870968,0.0,0.004032258064516129,0.036290322580645164,0.03225806451612903,0.04032258064516129,0.024193548387096774,0.0,0.016129032258064516,0.0,0.008064516129032258,0.0,0.0,0.0,0.0,0.020161290322580645,0.004032258064516129,0.020161290322580645,0.004032258064516129,0.012096774193548387,0.016129032258064516,0.012096774193548387,0.016129032258064516,0.0,0.0,0.012096774193548387,0.0,0.0,0.012096774193548387,0.008064516129032258,0.0,0.0,0.008064516129032258,0.15725806451612903,0.036290322580645164,0.0,0.012096774193548387,0.0,0.0,0.25806451612903225,0.016129032258064516,0.13306451612903225,0.0,0.0,0.0,0.0,0.008064516129032258,0.004032258064516129,0.0,0.03225806451612903,0.0,0.04435483870967742,0.012096774193548387,0.016129032258064516,0.012096774193548387,0.020161290322580645,0.024193548387096774,0.0,0.004032258064516129,0.0,0.0,0.016129032258064516,0.024193548387096774,0.04032258064516129,0.0,0.008064516129032258,0.016129032258064516,0.3387096774193548,0.016129032258064516,0.0,0.0,0.0,0.0,0.04435483870967742,0.0,0.0,0.008064516129032258,0.016129032258064516,0.0,0.004032258064516129,0.0,0.004032258064516129,0.0,0.004032258064516129,0.016129032258064516,0.004032258064516129,0.004032258064516129,0.004032258064516129,0.004032258064516129,0.004032258064516129,0.004032258064516129,0.04032258064516129,0.036290322580645164,0.036290322580645164,0.028225806451612902,0.012096774193548387,0.008064516129032258,0.0,0.012096774193548387,0.07661290322580645,0.0,0.0,0.008064516129032258,0.0,0.0,0.004032258064516129,0.008064516129032258,0.008064516129032258,0.0,0.0,0.004032258064516129,0.008064516129032258,0.0,0.008064516129032258,0.056451612903225805,0.0,0.0,0.008064516129032258,0.0,0.0,0.008064516129032258,0.004032258064516129,0.0,0.0,0.0,0.0,0.0,0.0,0.004032258064516129,0.020161290322580645,0.036290322580645164,0.0,0.004032258064516129,0.004032258064516129,0.3185483870967742,0.0,0.0,0.0,0.0,0.0,0.0,0.04032258064516129,0.0,0.0,0.0,0.008064516129032258,0.012096774193548387,0.0,0.004032258064516129,0.0,0.0,0.024193548387096774,0.0,0.10080645161290322,0.004032258064516129,0.008064516129032258,0.0,0.0,0.0,0.0,0.0,0.0,0.004032258064516129,0.0,0.0,0.008064516129032258,0.0,0.0,0.004032258064516129,0.020161290322580645,0.016129032258064516,0.0,0.0,0.012096774193548387,0.004032258064516129,0.004032258064516129,0.004032258064516129,0.0,0.0,0.008064516129032258,0.004032258064516129,0.0,0.04032258064516129,0.0,0.004032258064516129,0.0,0.0,0.0,0.0,0.012096774193548387,0.004032258064516129,0.016129032258064516,0.0,0.0,0.0,0.0,0.0,0.0,0.004032258064516129,0.012096774193548387,0.004032258064516129,0.004032258064516129,0.0,0.008064516129032258,0.004032258064516129,0.008064516129032258,0.0,0.0,0.0,0.004032258064516129,0.004032258064516129,0.0,0.0,0.0,0.0,0.0,0.0,0.0,0.0,0.008064516129032258,0.0,0.0,0.0,0.0,0.0,0.012096774193548387,0.0,0.016129032258064516,0.0,0.0,0.004032258064516129,0.0,0.0,0.028225806451612902,0.0,0.0,0.0,0.0,0.0,0.004032258064516129,0.004032258064516129,0.0,0.0,0.004032258064516129,0.0,0.0,0.0,0.0,0.004032258064516129,0.0,0.0,0.0,0.004032258064516129,0.004032258064516129,0.004032258064516129,0.0,0.0,0.016129032258064516,0.0,0.0,0.0,0.0,0.004032258064516129,0.012096774193548387,0.0,0.04032258064516129,0.0,0.0,0.0,0.0,0.0,0.0,0.008064516129032258,0.0,0.0,0.0,0.0,0.0,0.0,0.0,0.0,0.0,0.0,0.0,0.004032258064516129,0.0,0.0,0.0,0.004032258064516129,0.016129032258064516,0.0,0.0,0.0,0.004032258064516129,0.0,0.0,0.0,0.0,0.0,0.008064516129032258,0.0,0.0,0.0,0.0,0.0,0.004032258064516129,0.0,0.0,0.004032258064516129,0.0,0.012096774193548387,0.0,0.0,0.0,0.004032258064516129,0.004032258064516129,0.0,0.0,0.0,0.0,0.0,0.0,0.0,0.0,0.012096774193548387,0.0,0.004032258064516129,0.004032258064516129,0.0
Fall 2024,0.0425531914893617,0.0,0.02127659574468085,0.02127659574468085,0.0,0.0,0.010638297872340425,0.0,0.0425531914893617,0.02127659574468085,0.0,0.02127659574468085,0.0,0.010638297872340425,0.0,0.010638297872340425,0.010638297872340425,0.0,0.0,0.010638297872340425,0.010638297872340425,0.0,0.010638297872340425,0.031914893617021274,0.010638297872340425,0.010638297872340425,0.0,0.0,0.0,0.0,0.010638297872340425,0.02127659574468085,0.031914893617021274,0.0,0.02127659574468085,0.0,0.1702127659574468,0.05319148936170213,0.0,0.031914893617021274,0.0,0.0,0.19148936170212766,0.010638297872340425,0.20212765957446807,0.0,0.0,0.010638297872340425,0.0,0.0,0.02127659574468085,0.0,0.0,0.0,0.031914893617021274,0.010638297872340425,0.010638297872340425,0.02127659574468085,0.0,0.0425531914893617,0.010638297872340425,0.0,0.0,0.010638297872340425,0.010638297872340425,0.010638297872340425,0.06382978723404255,0.0,0.031914893617021274,0.02127659574468085,0.35106382978723405,0.010638297872340425,0.0,0.0,0.0,0.0,0.02127659574468085,0.0,0.010638297872340425,0.02127659574468085,0.010638297872340425,0.010638297872340425,0.010638297872340425,0.0,0.0,0.010638297872340425,0.0,0.010638297872340425,0.0,0.0,0.02127659574468085,0.0,0.0,0.010638297872340425,0.0,0.010638297872340425,0.02127659574468085,0.0425531914893617,0.010638297872340425,0.0,0.0,0.031914893617021274,0.0851063829787234,0.0,0.0,0.0,0.0,0.0,0.02127659574468085,0.0,0.0,0.0,0.0,0.010638297872340425,0.0,0.0,0.0,0.05319148936170213,0.0,0.0,0.0,0.0,0.0,0.0,0.010638297872340425,0.0,0.0,0.0,0.0,0.0,0.0,0.0,0.010638297872340425,0.010638297872340425,0.0,0.010638297872340425,0.0,0.2765957446808511,0.0,0.0,0.0,0.0,0.0,0.0,0.02127659574468085,0.0,0.0,0.0,0.031914893617021274,0.0,0.0,0.0,0.0,0.0,0.0,0.0,0.06382978723404255,0.0,0.0,0.0,0.0,0.0,0.0,0.0,0.0,0.010638297872340425,0.0,0.0,0.010638297872340425,0.0,0.0,0.0,0.0,0.02127659574468085,0.0,0.0,0.010638297872340425,0.0,0.010638297872340425,0.010638297872340425,0.0,0.0,0.0,0.0,0.0,0.010638297872340425,0.0,0.0,0.0,0.0,0.0,0.0,0.0,0.0,0.0,0.0,0.0,0.0,0.0,0.0,0.0,0.0,0.0,0.0,0.0,0.0,0.0,0.010638297872340425,0.010638297872340425,0.0,0.0,0.0,0.0,0.0,0.0,0.0,0.0,0.0,0.0,0.0,0.0,0.0,0.0,0.0,0.0,0.0,0.0,0.0,0.010638297872340425,0.0,0.031914893617021274,0.0,0.0,0.0,0.0,0.0,0.0,0.0,0.0,0.010638297872340425,0.0,0.010638297872340425,0.010638297872340425,0.0,0.0,0.0,0.0,0.0,0.0,0.0,0.0,0.010638297872340425,0.0,0.010638297872340425,0.0,0.0,0.02127659574468085,0.0,0.0,0.0,0.0,0.0,0.0,0.0,0.0,0.0,0.0,0.0,0.06382978723404255,0.0,0.0,0.0,0.0,0.0,0.0,0.0,0.0,0.0,0.0,0.0,0.0,0.0,0.0,0.0,0.0,0.0,0.0,0.0,0.0,0.0,0.0,0.0,0.010638297872340425,0.0,0.0,0.0,0.010638297872340425,0.0,0.0,0.0,0.0,0.0,0.0,0.0,0.0,0.0,0.0,0.0,0.0,0.0,0.0,0.0,0.0,0.0,0.0,0.0,0.0,0.010638297872340425,0.0,0.0,0.0,0.0,0.0,0.0,0.0,0.0,0.0,0.010638297872340425,0.0,0.0,0.0,0.0
Winter 2025,0.005988023952095809,0.0,0.0718562874251497,0.011976047904191617,0.0,0.017964071856287425,0.03592814371257485,0.041916167664670656,0.023952095808383235,0.005988023952095809,0.0,0.017964071856287425,0.0,0.029940119760479042,0.005988023952095809,0.011976047904191617,0.0,0.0,0.023952095808383235,0.005988023952095809,0.005988023952095809,0.0,0.0,0.023952095808383235,0.005988023952095809,0.005988023952095809,0.0,0.0,0.0,0.011976047904191617,0.0,0.0,0.005988023952095809,0.005988023952095809,0.017964071856287425,0.0,0.16167664670658682,0.04790419161676647,0.0,0.03592814371257485,0.0,0.0,0.20958083832335328,0.011976047904191617,0.09580838323353294,0.0,0.0,0.005988023952095809,0.0,0.005988023952095809,0.005988023952095809,0.0,0.03592814371257485,0.0,0.029940119760479042,0.005988023952095809,0.005988023952095809,0.011976047904191617,0.011976047904191617,0.04790419161676647,0.0,0.0,0.0,0.011976047904191617,0.029940119760479042,0.011976047904191617,0.03592814371257485,0.0,0.0,0.05389221556886228,0.23353293413173654,0.005988023952095809,0.011976047904191617,0.0,0.0,0.0,0.011976047904191617,0.0,0.0,0.0,0.005988023952095809,0.0,0.005988023952095809,0.0,0.011976047904191617,0.011976047904191617,0.005988023952095809,0.011976047904191617,0.0,0.0,0.005988023952095809,0.0,0.005988023952095809,0.0,0.023952095808383235,0.017964071856287425,0.029940119760479042,0.029940119760479042,0.017964071856287425,0.0,0.0,0.0,0.05389221556886228,0.0,0.0,0.0,0.0,0.0,0.0,0.005988023952095809,0.0,0.0,0.0,0.011976047904191617,0.0,0.0,0.0,0.03592814371257485,0.0,0.0,0.0,0.0,0.005988023952095809,0.011976047904191617,0.0,0.0,0.0,0.005988023952095809,0.005988023952095809,0.005988023952095809,0.0,0.0,0.017964071856287425,0.005988023952095809,0.0,0.0,0.0,0.32335329341317365,0.0,0.0,0.0,0.0,0.005988023952095809,0.005988023952095809,0.023952095808383235,0.0,0.0,0.0,0.017964071856287425,0.0,0.0,0.005988023952095809,0.0,0.0,0.0,0.0,0.09580838323353294,0.005988023952095809,0.005988023952095809,0.0,0.0,0.0,0.0,0.0,0.0,0.023952095808383235,0.0,0.0,0.0,0.0,0.0,0.0,0.0,0.029940119760479042,0.0,0.005988023952095809,0.011976047904191617,0.0,0.005988023952095809,0.0,0.0,0.0,0.029940119760479042,0.005988023952095809,0.0,0.017964071856287425,0.0,0.005988023952095809,0.0,0.0,0.0,0.0,0.005988023952095809,0.0,0.041916167664670656,0.0,0.0,0.0,0.0,0.005988023952095809,0.0,0.005988023952095809,0.0,0.0,0.005988023952095809,0.0,0.0,0.0,0.011976047904191617,0.0,0.0,0.0,0.0,0.0,0.0,0.0,0.0,0.0,0.0,0.0,0.0,0.0,0.011976047904191617,0.0,0.0,0.0,0.0,0.0,0.023952095808383235,0.0,0.005988023952095809,0.0,0.0,0.005988023952095809,0.011976047904191617,0.005988023952095809,0.011976047904191617,0.0,0.0,0.005988023952095809,0.0,0.0,0.023952095808383235,0.0,0.0,0.005988023952095809,0.005988023952095809,0.0,0.0,0.0,0.0,0.0,0.0,0.0,0.005988023952095809,0.0,0.017964071856287425,0.005988023952095809,0.0,0.0,0.011976047904191617,0.0,0.0,0.0,0.0,0.0,0.017964071856287425,0.0,0.03592814371257485,0.0,0.0,0.0,0.0,0.0,0.0,0.0,0.005988023952095809,0.0,0.0,0.0,0.0,0.0,0.0,0.0,0.0,0.0,0.0,0.005988023952095809,0.0,0.0,0.0,0.0,0.005988023952095809,0.0,0.0,0.0,0.005988023952095809,0.0,0.0,0.0,0.0,0.005988023952095809,0.005988023952095809,0.0,0.0,0.0,0.0,0.0,0.005988023952095809,0.0,0.0,0.017964071856287425,0.0,0.005988023952095809,0.0,0.0,0.0,0.0,0.0,0.0,0.0,0.0,0.0,0.0,0.0,0.0,0.0,0.005988023952095809,0.0,0.0,0.0,0.0
Spring 2025,0.006993006993006993,0.006993006993006993,0.027972027972027972,0.03496503496503497,0.0,0.0,0.027972027972027972,0.04195804195804196,0.04895104895104895,0.0,0.0,0.013986013986013986,0.0,0.027972027972027972,0.0,0.0,0.006993006993006993,0.006993006993006993,0.013986013986013986,0.013986013986013986,0.006993006993006993,0.0,0.027972027972027972,0.013986013986013986,0.0,0.0,0.0,0.0,0.006993006993006993,0.013986013986013986,0.0,0.0,0.006993006993006993,0.006993006993006993,0.006993006993006993,0.0,0.0979020979020979,0.027972027972027972,0.0,0.006993006993006993,0.0,0.0,0.16783216783216784,0.0,0.13986013986013987,0.0,0.0,0.0,0.0,0.0,0.0,0.0,0.04195804195804196,0.0,0.006993006993006993,0.006993006993006993,0.013986013986013986,0.013986013986013986,0.02097902097902098,0.013986013986013986,0.0,0.013986013986013986,0.0,0.006993006993006993,0.013986013986013986,0.006993006993006993,0.055944055944055944,0.0,0.0,0.04195804195804196,0.3006993006993007,0.006993006993006993,0.02097902097902098,0.0,0.006993006993006993,0.0,0.02097902097902098,0.006993006993006993,0.0,0.0,0.0,0.0,0.006993006993006993,0.0,0.0,0.006993006993006993,0.0,0.013986013986013986,0.0,0.006993006993006993,0.0,0.0,0.0,0.0,0.04195804195804196,0.06293706293706294,0.055944055944055944,0.03496503496503497,0.0,0.0,0.0,0.006993006993006993,0.06293706293706294,0.0,0.0,0.006993006993006993,0.0,0.0,0.0,0.006993006993006993,0.0,0.0,0.0,0.0,0.0,0.0,0.0,0.03496503496503497,0.0,0.0,0.0,0.0,0.0,0.006993006993006993,0.006993006993006993,0.0,0.0,0.0,0.0,0.0,0.0,0.0,0.013986013986013986,0.013986013986013986,0.006993006993006993,0.0,0.0,0.27972027972027974,0.0,0.0,0.0,0.0,0.013986013986013986,0.0,0.006993006993006993,0.0,0.0,0.0,0.006993006993006993,0.0,0.0,0.0,0.0,0.0,0.0,0.0,0.03496503496503497,0.0,0.0,0.0,0.0,0.0,0.0,0.0,0.006993006993006993,0.006993006993006993,0.0,0.0,0.0,0.0,0.0,0.0,0.0,0.02097902097902098,0.0,0.0,0.006993006993006993,0.0,0.006993006993006993,0.0,0.0,0.0,0.006993006993006993,0.0,0.006993006993006993,0.027972027972027972,0.0,0.0,0.0,0.0,0.0,0.0,0.0,0.0,0.006993006993006993,0.0,0.0,0.0,0.0,0.006993006993006993,0.0,0.0,0.0,0.0,0.0,0.0,0.0,0.0,0.02097902097902098,0.0,0.0,0.0,0.0,0.0,0.0,0.0,0.0,0.0,0.0,0.0,0.0,0.0,0.0,0.0,0.0,0.0,0.0,0.0,0.013986013986013986,0.0,0.02097902097902098,0.0,0.0,0.0,0.006993006993006993,0.0,0.02097902097902098,0.0,0.0,0.006993006993006993,0.0,0.0,0.03496503496503497,0.0,0.0,0.0,0.006993006993006993,0.0,0.0,0.0,0.0,0.006993006993006993,0.0,0.0,0.0,0.0,0.006993006993006993,0.0,0.0,0.0,0.02097902097902098,0.0,0.0,0.0,0.0,0.0,0.006993006993006993,0.0,0.06293706293706294,0.0,0.0,0.0,0.0,0.0,0.0,0.013986013986013986,0.0,0.0,0.0,0.0,0.0,0.0,0.0,0.0,0.0,0.0,0.0,0.0,0.0,0.0,0.0,0.0,0.006993006993006993,0.0,0.0,0.0,0.0,0.0,0.0,0.0,0.0,0.0,0.02097902097902098,0.0,0.0,0.0,0.0,0.0,0.0,0.0,0.0,0.006993006993006993,0.0,0.013986013986013986,0.0,0.0,0.0,0.006993006993006993,0.0,0.0,0.0,0.0,0.0,0.0,0.0,0.0,0.0,0.0,0.0,0.0,0.0,0.0
Summer 2025,0.012048192771084338,0.0,0.03614457831325301,0.04819277108433735,0.006024096385542169,0.0,0.012048192771084338,0.030120481927710843,0.05421686746987952,0.018072289156626505,0.006024096385542169,0.030120481927710843,0.0,0.024096385542168676,0.0,0.012048192771084338,0.0,0.0,0.012048192771084338,0.006024096385542169,0.012048192771084338,0.0,0.006024096385542169,0.012048192771084338,0.006024096385542169,0.006024096385542169,0.0,0.006024096385542169,0.0,0.0,0.0,0.0,0.006024096385542169,0.0,0.012048192771084338,0.012048192771084338,0.10240963855421686,0.006024096385542169,0.0,0.012048192771084338,0.0,0.006024096385542169,0.21686746987951808,0.006024096385542169,0.12650602409638553,0.0,0.0,0.0,0.0,0.0,0.0,0.0,0.03614457831325301,0.0,0.012048192771084338,0.012048192771084338,0.012048192771084338,0.006024096385542169,0.018072289156626505,0.006024096385542169,0.0,0.006024096385542169,0.0,0.0,0.0,0.006024096385542169,0.024096385542168676,0.0,0.024096385542168676,0.018072289156626505,0.28313253012048195,0.012048192771084338,0.0,0.0,0.006024096385542169,0.0,0.012048192771084338,0.0,0.0,0.0,0.006024096385542169,0.0,0.0,0.0,0.0,0.0,0.0,0.012048192771084338,0.0,0.012048192771084338,0.006024096385542169,0.0,0.0,0.006024096385542169,0.012048192771084338,0.030120481927710843,0.024096385542168676,0.018072289156626505,0.0,0.012048192771084338,0.0,0.0,0.04216867469879518,0.0,0.0,0.0,0.0,0.0,0.006024096385542169,0.006024096385542169,0.006024096385542169,0.0,0.0,0.006024096385542169,0.0,0.0,0.0,0.03614457831325301,0.0,0.0,0.0,0.0,0.006024096385542169,0.0,0.0,0.0,0.0,0.0,0.0,0.0,0.0,0.0,0.024096385542168676,0.03614457831325301,0.006024096385542169,0.0,0.006024096385542169,0.3132530120481928,0.0,0.0,0.0,0.006024096385542169,0.0,0.0,0.030120481927710843,0.0,0.0,0.0,0.0,0.0,0.0,0.0,0.0,0.0,0.0,0.0,0.024096385542168676,0.0,0.0,0.006024096385542169,0.0,0.0,0.0,0.0,0.0,0.012048192771084338,0.0,0.0,0.006024096385542169,0.006024096385542169,0.0,0.0,0.0,0.0,0.0,0.0,0.0,0.0,0.012048192771084338,0.0,0.0,0.0,0.006024096385542169,0.006024096385542169,0.0,0.024096385542168676,0.0,0.006024096385542169,0.0,0.0,0.0,0.0,0.0,0.006024096385542169,0.030120481927710843,0.0,0.0,0.0,0.0,0.006024096385542169,0.0,0.0,0.0,0.0,0.0,0.0,0.0,0.006024096385542169,0.018072289156626505,0.0,0.0,0.0,0.0,0.0,0.0,0.0,0.0,0.0,0.0,0.0,0.0,0.0,0.006024096385542169,0.0,0.0,0.0,0.0,0.0,0.006024096385542169,0.0,0.0,0.0,0.0,0.0,0.0,0.0,0.006024096385542169,0.0,0.0,0.0,0.0,0.0,0.024096385542168676,0.0,0.0,0.0,0.0,0.0,0.0,0.0,0.0,0.0,0.0,0.0,0.0,0.0,0.018072289156626505,0.0,0.0,0.0,0.018072289156626505,0.0,0.0,0.0,0.006024096385542169,0.0,0.006024096385542169,0.0,0.05421686746987952,0.0,0.0,0.006024096385542169,0.0,0.0,0.0,0.0,0.006024096385542169,0.0,0.0,0.0,0.0,0.0,0.006024096385542169,0.0,0.0,0.0,0.0,0.006024096385542169,0.0,0.0,0.0,0.0,0.012048192771084338,0.0,0.0,0.0,0.0,0.0,0.0,0.006024096385542169,0.0,0.0,0.006024096385542169,0.0,0.0,0.0,0.006024096385542169,0.0,0.006024096385542169,0.0,0.0,0.0,0.0,0.0,0.006024096385542169,0.0,0.0,0.012048192771084338,0.0,0.0,0.0,0.0,0.0,0.0,0.0,0.0,0.0,0.0,0.0,0.0,0.0,0.006024096385542169
Fall 2025,0.006756756756756757,0.006756756756756757,0.02702702702702703,0.02702702702702703,0.0,0.006756756756756757,0.033783783783783786,0.02027027027027027,0.02027027027027027,0.02027027027027027,0.0,0.02702702702702703,0.0,0.006756756756756757,0.0,0.006756756756756757,0.02702702702702703,0.006756756756756757,0.02027027027027027,0.02702702702702703,0.013513513513513514,0.0,0.013513513513513514,0.013513513513513514,0.0,0.0,0.0,0.006756756756756757,0.013513513513513514,0.013513513513513514,0.0,0.013513513513513514,0.013513513513513514,0.013513513513513514,0.02702702702702703,0.0,0.07432432432432433,0.02702702702702703,0.0,0.013513513513513514,0.0,0.0,0.23648648648648649,0.006756756756756757,0.0945945945945946,0.0,0.0,0.0,0.0,0.013513513513513514,0.0,0.006756756756756757,0.04054054054054054,0.006756756756756757,0.033783783783783786,0.006756756756756757,0.0,0.013513513513513514,0.006756756756756757,0.033783783783783786,0.0,0.0,0.0,0.0,0.02027027027027027,0.02702702702702703,0.033783783783783786,0.0,0.02702702702702703,0.02027027027027027,0.28378378378378377,0.013513513513513514,0.006756756756756757,0.0,0.0,0.0,0.02027027027027027,0.0,0.0,0.006756756756756757,0.013513513513513514,0.0,0.006756756756756757,0.0,0.0,0.0,0.0,0.0,0.0,0.0,0.02027027027027027,0.0,0.006756756756756757,0.006756756756756757,0.013513513513513514,0.060810810810810814,0.02027027027027027,0.02702702702702703,0.006756756756756757,0.0,0.0,0.013513513513513514,0.05405405405405406,0.0,0.0,0.0,0.006756756756756757,0.0,0.02702702702702703,0.006756756756756757,0.0,0.0,0.0,0.006756756756756757,0.0,0.0,0.0,0.060810810810810814,0.0,0.0,0.0,0.0,0.0,0.0,0.013513513513513514,0.0,0.0,0.0,0.0,0.0,0.0,0.0,0.02027027027027027,0.006756756756756757,0.0,0.013513513513513514,0.006756756756756757,0.28378378378378377,0.006756756756756757,0.0,0.0,0.0,0.0,0.0,0.02027027027027027,0.0,0.0,0.0,0.02702702702702703,0.0,0.0,0.006756756756756757,0.0,0.0,0.0,0.0,0.06756756756756757,0.0,0.0,0.0,0.0,0.0,0.0,0.006756756756756757,0.006756756756756757,0.0,0.006756756756756757,0.0,0.013513513513513514,0.0,0.0,0.0,0.0,0.02702702702702703,0.0,0.006756756756756757,0.0,0.0,0.006756756756756757,0.0,0.006756756756756757,0.0,0.013513513513513514,0.013513513513513514,0.0,0.006756756756756757,0.006756756756756757,0.006756756756756757,0.0,0.0,0.0,0.0,0.0,0.0,0.02702702702702703,0.0,0.0,0.0,0.0,0.006756756756756757,0.0,0.0,0.006756756756756757,0.0,0.0,0.006756756756756757,0.0,0.0,0.02702702702702703,0.0,0.0,0.0,0.0,0.006756756756756757,0.0,0.0,0.0,0.0,0.0,0.0,0.0,0.0,0.0,0.0,0.0,0.0,0.0,0.0,0.013513513513513514,0.0,0.02027027027027027,0.0,0.0,0.0,0.0,0.013513513513513514,0.013513513513513514,0.0,0.006756756756756757,0.0,0.0,0.0,0.02027027027027027,0.0,0.0,0.0,0.006756756756756757,0.0,0.0,0.0,0.0,0.013513513513513514,0.0,0.0,0.0,0.0,0.013513513513513514,0.0,0.0,0.0,0.02702702702702703,0.0,0.0,0.0,0.0,0.0,0.006756756756756757,0.0,0.04054054054054054,0.0,0.0,0.0,0.0,0.0,0.0,0.0,0.0,0.0,0.0,0.0,0.0,0.0,0.0,0.0,0.0,0.0,0.0,0.0,0.0,0.0,0.0,0.0,0.02027027027027027,0.0,0.0,0.0,0.0,0.0,0.0,0.0,0.0,0.0,0.006756756756756757,0.0,0.0,0.006756756756756757,0.0,0.0,0.0,0.0,0.0,0.0,0.0,0.0,0.0,0.0,0.0,0.0,0.0,0.0,0.0,0.0,0.0,0.0,0.0,0.0,0.013513513513513514,0.0,0.0,0.0,0.0,0.0
Winter 2026,0.0,0.0,0.015151515151515152,0.005050505050505051,0.0,0.005050505050505051,0.0,0.0,0.020202020202020204,0.0,0.0,0.0,0.0,0.0,0.0,0.0,0.0,0.0,0.015151515151515152,0.0,0.0,0.0,0.0,0.0,0.005050505050505051,0.0,0.0,0.0,0.0,0.0,0.0,0.0,0.005050505050505051,0.0,0.0,0.0,0.020202020202020204,0.005050505050505051,0.0,0.010101010101010102,0.0,0.0,0.04040404040404041,0.005050505050505051,0.020202020202020204,0.0,0.0,0.0,0.0,0.0,0.0,0.0,0.010101010101010102,0.0,0.005050505050505051,0.0,0.0,0.020202020202020204,0.0,0.0,0.0,0.0,0.0,0.0,0.0,0.0,0.015151515151515152,0.0,0.0,0.0,0.06060606060606061,0.0,0.0,0.0,0.0,0.0,0.005050505050505051,0.0,0.0,0.0,0.0,0.0,0.0,0.0,0.0,0.0,0.0,0.005050505050505051,0.0,0.0,0.010101010101010102,0.005050505050505051,0.0,0.0,0.005050505050505051,0.005050505050505051,0.0,0.010101010101010102,0.0,0.005050505050505051,0.0,0.0,0.005050505050505051,0.0,0.0,0.0,0.0,0.0,0.0,0.0,0.005050505050505051,0.0,0.0,0.0,0.0,0.0,0.0,0.010101010101010102,0.0,0.0,0.0,0.0,0.0,0.0,0.0,0.0,0.0,0.0,0.0,0.0,0.005050505050505051,0.0,0.005050505050505051,0.005050505050505051,0.0,0.0,0.010101010101010102,0.05555555555555555,0.0,0.0,0.005050505050505051,0.0,0.0,0.0,0.005050505050505051,0.0,0.0,0.0,0.005050505050505051,0.0,0.0,0.0,0.0,0.0,0.0,0.0,0.005050505050505051,0.0,0.0,0.0,0.0,0.0,0.0,0.0,0.0,0.0,0.0,0.0,0.005050505050505051,0.0,0.0,0.0,0.0,0.005050505050505051,0.0,0.0,0.005050505050505051,0.0,0.0,0.0,0.0,0.0,0.0,0.0,0.0,0.010101010101010102,0.0,0.005050505050505051,0.0,0.0,0.0,0.0,0.0,0.0,0.0,0.0,0.0,0.0,0.0,0.0,0.0,0.005050505050505051,0.0,0.0,0.005050505050505051,0.0,0.0,0.0,0.0,0.0,0.0,0.0,0.0,0.0,0.005050505050505051,0.0,0.0,0.0,0.0,0.0,0.0,0.0,0.0,0.0,0.0,0.0,0.0,0.0,0.0,0.0,0.005050505050505051,0.0,0.0,0.005050505050505051,0.0,0.0,0.010101010101010102,0.0,0.0,0.005050505050505051,0.0,0.0,0.010101010101010102,0.0,0.0,0.0,0.0,0.0,0.0,0.0,0.0,0.0,0.0,0.0,0.005050505050505051,0.0,0.0,0.0,0.0,0.0,0.0,0.0,0.0,0.0,0.0,0.0,0.005050505050505051,0.0,0.030303030303030304,0.0,0.0,0.0,0.0,0.0,0.0,0.005050505050505051,0.0,0.0,0.0,0.0,0.0,0.0,0.0,0.0,0.0,0.005050505050505051,0.0,0.0,0.0,0.0,0.0,0.0,0.0,0.0,0.0,0.0,0.005050505050505051,0.0,0.0,0.0,0.0,0.0,0.005050505050505051,0.0,0.0,0.0,0.0,0.0,0.0,0.0,0.0,0.0,0.0,0.0,0.0,0.0,0.0,0.0,0.0,0.0,0.0,0.0,0.0,0.0,0.0,0.0,0.0,0.0,0.0,0.0,0.0,0.0
Spring 2026,0.0,0.0,0.0,0.0,0.0,0.0,0.0,0.005076142131979695,0.005076142131979695,0.005076142131979695,0.0,0.0,0.0,0.0,0.0,0.005076142131979695,0.005076142131979695,0.0,0.0,0.0,0.0,0.0,0.005076142131979695,0.005076142131979695,0.0,0.0,0.0,0.0,0.005076142131979695,0.005076142131979695,0.005076142131979695,0.0,0.0,0.005076142131979695,0.0,0.0,0.025380710659898477,0.005076142131979695,0.0,0.005076142131979695,0.0,0.0,0.03553299492385787,0.0,0.015228426395939087,0.0,0.0,0.0,0.0,0.0,0.0,0.0,0.005076142131979695,0.0,0.0,0.0,0.0,0.0,0.0,0.0,0.0,0.0,0.0,0.0,0.0,0.0,0.0,0.0,0.0,0.0,0.03553299492385787,0.005076142131979695,0.0,0.0,0.005076142131979695,0.0,0.005076142131979695,0.0,0.0,0.0,0.0,0.0,0.0,0.0,0.0,0.0,0.0,0.0,0.0,0.0,0.005076142131979695,0.0,0.0,0.0,0.0,0.015228426395939087,0.01015228426395939,0.01015228426395939,0.005076142131979695,0.0,0.0,0.0,0.01015228426395939,0.0,0.0,0.0,0.0,0.0,0.0,0.005076142131979695,0.0,0.0,0.0,0.0,0.005076142131979695,0.0,0.0,0.01015228426395939,0.0,0.0,0.0,0.0,0.0,0.0,0.0,0.0,0.0,0.0,0.0,0.0,0.0,0.0,0.0,0.0,0.0,0.0,0.0,0.04568527918781726,0.0,0.0,0.0,0.0,0.0,0.0,0.0,0.0,0.0,0.0,0.005076142131979695,0.0,0.0,0.0,0.0,0.0,0.0,0.0,0.0,0.0,0.0,0.0,0.0,0.0,0.0,0.0,0.0,0.005076142131979695,0.0,0.0,0.005076142131979695,0.0,0.0,0.0,0.0,0.0,0.0,0.0,0.0,0.0,0.0,0.0,0.0,0.0,0.005076142131979695,0.0,0.0,0.0,0.005076142131979695,0.0,0.0,0.0,0.0,0.0,0.005076142131979695,0.0,0.0,0.0,0.0,0.0,0.0,0.0,0.0,0.0,0.0,0.0,0.0,0.0,0.0,0.0,0.0,0.0,0.0,0.0,0.0,0.0,0.0,0.0,0.0,0.0,0.0,0.0,0.0,0.0,0.0,0.0,0.0,0.0,0.0,0.0,0.0,0.0,0.0,0.0,0.0,0.0,0.0,0.0,0.0,0.0,0.0,0.0,0.0,0.0,0.0,0.0,0.0,0.0,0.0,0.0,0.0,0.0,0.0,0.0,0.0,0.0,0.0,0.0,0.005076142131979695,0.005076142131979695,0.0,0.0,0.0,0.0,0.0,0.0,0.005076142131979695,0.0,0.005076142131979695,0.0,0.01015228426395939,0.0,0.0,0.0,0.0,0.0,0.0,0.005076142131979695,0.005076142131979695,0.0,0.0,0.0,0.0,0.0,0.0,0.0,0.0,0.0,0.0,0.0,0.0,0.0,0.0,0.0,0.0,0.0,0.0,0.0,0.0,0.0,0.0,0.0,0.0,0.0,0.0,0.0,0.0,0.0,0.0,0.0,0.0,0.0,0.0,0.0,0.0,0.0,0.0,0.0,0.0,0.0,0.0,0.0,0.0,0.0,0.0,0.0,0.0,0.0,0.0,0.0,0.0,0.0,0.0,0.0
